time,latitude,longitude,depth,mag,magType,nst,gap,dmin,rms,net,id,updated,place,type,horizontalError,depthError,magError,magNst,status,locationSource,magSource
2024-10-14T07:40:09.894Z,-17.7479,-179.9459,614.52,4.9,mb,102,34,1.423,0.76,us,us6000nyjf,2024-10-14T08:11:00.040Z,"85 km ENE of Levuka, Fiji",earthquake,11.83,7.671,0.026,462,reviewed,us,us
2024-08-09T05:33:42.138Z,-15.9357,178.8837,10,4.5,mb,44,124,1.967,0.52,us,us6000np9a,2024-10-24T17:58:28.040Z,"75 km NW of Labasa, Fiji",earthquake,10.81,1.878,0.09,36,reviewed,us,us
2024-08-07T03:20:58.888Z,-17.6352,179.9873,610.617,4.5,mb,329,67,1.847,0.75,us,us6000nigu,2024-10-24T17:56:50.040Z,"85 km NE of Levuka, Fiji",earthquake,10.11,5.535,0.037,215,reviewed,us,us
2024-07-31T15:18:49.556Z,-17.6253,179.9571,612.953,4.6,mb,58,82,1.819,0.75,us,us6000nh4k,2024-10-11T19:39:07.040Z,"83 km NE of Levuka, Fiji",earthquake,15.11,8.063,0.077,50,reviewed,us,us
2024-07-31T15:18:03.258Z,-17.6696,179.9548,606.211,5.7,mww,291,42,1.815,0.84,us,us6000nh4g,2024-10-11T19:39:07.040Z,"80 km ENE of Levuka, Fiji",earthquake,10.06,3.735,0.068,21,reviewed,us,us
2024-07-29T10:42:22.575Z,-17.7422,-179.6938,608.303,4.5,mb,44,65,2.147,0.99,us,us6000ngmu,2024-10-11T19:39:05.040Z,"110 km ENE of Levuka, Fiji",earthquake,9.11,8.237,0.092,35,reviewed,us,us
2024-07-24T14:32:21.465Z,-15.4586,179.7986,10,4.6,mb,18,95,2.823,0.8,us,us6000niny,2024-10-08T21:49:14.005Z,"117 km NNE of Labasa, Fiji",earthquake,12.46,1.888,0.152,13,reviewed,us,us
2024-06-01T09:29:15.324Z,-16.3189,-179.4816,10,4.9,mb,30,114,1.113,0.87,us,us7000mpfv,2024-08-06T20:32:49.040Z,"123 km E of Labasa, Fiji",earthquake,3.96,4.782,0.099,32,reviewed,us,us
2024-05-14T20:03:48.429Z,-16.3759,178.0824,10,4.6,mb,20,85,1.24,0.29,us,us6000n02z,2024-07-26T23:58:09.040Z,"135 km NNE of Ba, Fiji",earthquake,5.2,1.536,0.165,13,reviewed,us,us
2024-04-28T03:37:30.173Z,-18.2051,176.4146,10,4.6,mb,13,106,1.625,1,us,us6000mwqj,2024-07-02T22:12:30.040Z,"115 km WSW of Nadi, Fiji",earthquake,10.62,1.778,0.222,6,reviewed,us,us
2024-03-24T13:12:22.008Z,-17.718,176.2629,10,4.9,mb,27,88,1.706,0.92,us,us6000mkyw,2024-05-27T14:19:23.040Z,"122 km W of Nadi, Fiji",earthquake,6.71,1.75,0.106,28,reviewed,us,us
2024-02-26T20:10:52.119Z,-17.5886,176.3307,10,4.7,mb,27,84,1.649,0.72,us,us7000m1qh,2024-05-10T21:26:01.040Z,"117 km WNW of Nadi, Fiji",earthquake,8.67,1.868,0.13,18,reviewed,us,us
2024-01-14T07:33:51.118Z,-16.3095,177.7366,10,4.5,mb,16,150,1.459,0.9,us,us6000m4rf,2024-03-16T19:01:15.040Z,"135 km N of Ba, Fiji",earthquake,14.89,1.939,0.15,14,reviewed,us,us
2023-12-25T20:34:20.850Z,-16.7457,176.8581,10,4.5,mb,17,81,1.513,0.55,us,us6000m1tg,2024-03-02T21:39:35.040Z,"115 km NNW of Lautoka, Fiji",earthquake,5.8,1.886,0.164,11,reviewed,us,us
2023-12-15T17:25:09.511Z,-16.1069,178.603,10,4.5,mb,12,106,1.712,0.64,us,us7000lke3,2024-02-17T22:43:14.040Z,"89 km WNW of Labasa, Fiji",earthquake,6.74,1.954,0.18,9,reviewed,us,us
2023-11-23T22:58:34.799Z,-15.9753,176.1582,10,4.6,mb,29,73,2.527,0.39,us,us7000ledu,2024-02-01T15:13:45.040Z,"227 km NW of Lautoka, Fiji",earthquake,7.05,1.733,0.132,17,reviewed,us,us
2023-11-21T15:32:14.820Z,-15.778,179.8499,12.776,5.2,mww,82,114,2.606,0.66,us,us6000lpu1,2024-02-01T15:13:42.040Z,"89 km NE of Labasa, Fiji",earthquake,8.91,3.636,0.068,21,reviewed,us,us
2023-10-31T11:10:56.943Z,-17.5412,-179.0263,560,6.5,mww,113,27,2.793,0.71,us,us7000l7qy,2024-01-10T06:01:23.040Z,"185 km ENE of Levuka, Fiji",earthquake,10.25,1.963,0.052,36,reviewed,us,us
2023-10-18T16:18:43.515Z,-15.8791,-179.9279,10,4.6,mb,23,72,2.68,0.89,us,us6000lhif,2023-12-26T21:24:56.040Z,"97 km NE of Labasa, Fiji",earthquake,5.78,1.896,0.133,17,reviewed,us,us
2023-10-16T08:46:09.484Z,-15.8606,-179.6159,10,5.2,mww,88,32,2.915,0.47,us,us6000lfv4,2023-12-26T21:24:22.040Z,"126 km ENE of Labasa, Fiji",earthquake,9.21,1.835,0.093,11,reviewed,us,us
2023-06-28T04:21:28.983Z,-16.2722,178.5024,10,5.5,mww,73,52,1.526,0.53,us,us6000knjz,2023-09-08T14:18:24.040Z,"93 km W of Labasa, Fiji",earthquake,6.61,1.773,0.065,23,reviewed,us,us
2023-06-22T02:23:43.956Z,-16.1622,178.5934,10,4.5,mb,17,50,1.657,0.72,us,us6000kp5n,2023-08-26T20:54:19.040Z,"Fiji",earthquake,9.19,1.866,0.191,9,reviewed,us,us
2023-06-12T17:38:24.138Z,-16.1512,178.2607,10,4.8,mb,83,121,1.597,0.61,us,us7000k9lw,2023-08-21T04:19:26.040Z,"122 km WNW of Labasa, Fiji",earthquake,11.37,1.812,0.062,79,reviewed,us,us
2023-06-10T09:12:50.137Z,-15.954,-179.0523,10,5.7,mww,119,49,1.868,0.59,us,us7000k7m3,2023-08-12T17:15:15.040Z,"177 km ENE of Labasa, Fiji",earthquake,7.12,1.752,0.046,45,reviewed,us,us
2023-05-23T21:46:55.901Z,-16.0148,179.1306,10.158,4.5,mb,11,122,2.006,0.36,us,us7000k50d,2023-07-29T22:00:46.040Z,"52 km NNW of Labasa, Fiji",earthquake,9.48,4.825,0.222,6,reviewed,us,us
2023-05-01T13:14:35.306Z,-16.6087,175.0609,18.418,4.7,mb,29,63,3.075,0.68,us,us6000k9s4,2023-07-15T22:09:54.040Z,"277 km WNW of Lautoka, Fiji",earthquake,10.16,2.91,0.12,21,reviewed,us,us
2023-04-08T16:27:32.526Z,-16.5746,175.0025,14.836,5.3,mww,42,58,7.583,0.74,us,us6000k2vx,2023-06-13T03:12:22.040Z,"284 km WNW of Lautoka, Fiji",earthquake,8.74,4.332,0.083,14,reviewed,us,us
2023-03-18T03:01:09.673Z,-19.2513,-179.1057,487.675,4.6,mb,64,54,3.085,1.13,us,us7000jl0d,2023-05-20T23:20:35.040Z,"211 km SE of Levuka, Fiji",earthquake,3.92,6.162,0.031,320,reviewed,us,us
2023-03-11T18:21:26.034Z,-16.4466,177.5002,10,5.2,mww,72,98,1.395,0.72,us,us7000jj5y,2023-05-15T02:49:09.040Z,"121 km N of Ba, Fiji",earthquake,5.18,1.736,0.089,12,reviewed,us,us
2023-03-11T13:29:45.928Z,-16.3993,177.5056,10,5.5,mww,58,61,4.703,0.59,us,us7000jj4s,2023-05-15T02:49:11.040Z,"126 km N of Ba, Fiji",earthquake,9.24,1.836,0.098,10,reviewed,us,us
2023-02-14T23:21:52.470Z,-16.8326,175.9188,10,4.9,mb,25,65,2.231,1.04,us,us6000jnzz,2023-04-22T21:33:08.040Z,"184 km WNW of Lautoka, Fiji",earthquake,9.26,1.876,0.136,17,reviewed,us,us
2023-01-19T16:55:04.577Z,-17.3333,-179.0093,552.917,4.5,mb,67,44,3.127,0.62,us,us7000j5jy,2023-03-31T19:45:30.040Z,"195 km ENE of Levuka, Fiji",earthquake,10.42,6.723,0.077,55,reviewed,us,us
2023-01-18T20:07:40.989Z,-17.176,175.5265,10,4.9,mb,28,72,2.477,0.7,us,us7000j5bm,2023-03-31T19:45:16.040Z,"210 km WNW of Lautoka, Fiji",earthquake,5.71,1.852,0.115,26,reviewed,us,us
2023-01-15T17:36:47.239Z,-17.7086,179.9179,617.888,4.5,mb,73,51,1.778,0.74,us,us7000j4js,2023-03-31T19:44:27.040Z,"75 km ENE of Levuka, Fiji",earthquake,12.07,7.096,0.038,208,reviewed,us,us
2023-01-11T19:59:53.244Z,-17.3917,175.534,10,4.6,mb,26,81,2.428,0.8,us,us7000j5rr,2023-03-20T06:03:57.040Z,"204 km WNW of Nadi, Fiji",earthquake,10.59,1.872,0.136,19,reviewed,us,us
2022-11-30T15:18:25.935Z,-16.1908,176.8334,10,4.9,mb,23,110,1.936,0.91,us,us6000j5sp,2023-02-05T23:25:35.040Z,"170 km NNW of Lautoka, Fiji",earthquake,8.15,1.868,0.132,19,reviewed,us,us
2022-10-09T22:58:49.667Z,-16.4225,178.0237,10,5.4,mww,58,104,1.315,0.58,us,us6000isdb,2022-12-17T22:53:47.040Z,"128 km NNE of Ba, Fiji",earthquake,10.35,1.78,0.098,10,reviewed,us,us
2022-09-30T05:46:08.701Z,-17.6303,-179.8695,588.859,4.5,mb,50,101,3.707,0.51,us,us6000ipj6,2022-12-03T22:02:44.040Z,"98 km ENE of Levuka, Fiji",earthquake,11.52,8.763,0.083,43,reviewed,us,us
2022-07-10T22:10:46.251Z,-18.3086,176.455,10,4.5,mb,21,109,1.62,0.25,us,us6000i3h2,2022-09-24T21:26:00.040Z,"116 km WSW of Nadi, Fiji",earthquake,11.2,1.9,0.14,15,reviewed,us,us
2022-06-07T16:23:00.649Z,-16.6682,176.9164,10,4.6,mb,15,91,1.525,0.53,us,us7000hgia,2022-08-13T21:51:54.040Z,"119 km NNW of Lautoka, Fiji",earthquake,6.8,1.9,0.193,10,reviewed,us,us
2022-04-30T13:30:42.064Z,-16.6268,175.9384,10,4.5,mb,25,71,6.174,1.04,us,us7000h7jz,2022-07-09T21:39:43.040Z,"194 km NW of Lautoka, Fiji",earthquake,7.2,1.9,0.131,17,reviewed,us,us
2022-04-26T04:14:05.741Z,-18.4087,176.3764,10,4.5,mb,21,111,1.725,0.33,us,us7000h6nt,2022-07-05T03:40:51.040Z,"128 km WSW of Nadi, Fiji",earthquake,8.4,1.6,0.171,10,reviewed,us,us
2022-04-26T00:43:22.816Z,-17.7789,-179.9997,603.3,4.6,mb,153,77,1.856,0.58,us,us6000hgcw,2022-07-05T03:40:47.040Z,"79 km ENE of Levuka, Fiji",earthquake,9.9,5.9,0.027,400,reviewed,us,us
2022-04-25T16:41:09.993Z,-16.4398,177.5048,10,4.7,mb,18,94,1.399,0.64,us,us7000h6n1,2022-07-05T03:40:41.040Z,"122 km N of Ba, Fiji",earthquake,6.3,1.9,0.183,10,reviewed,us,us
2022-04-25T14:18:49.004Z,-16.675,177.4227,10,4.7,mb,49,92,1.222,0.7,us,us7000h6mu,2022-07-05T03:40:37.040Z,"98 km NNW of Ba, Fiji",earthquake,7.6,1.6,0.092,39,reviewed,us,us
2022-04-25T14:17:25.545Z,-16.6395,177.413,10,4.5,mb,30,101,1.257,0.69,us,us7000h6mv,2022-07-05T03:40:37.040Z,"102 km NNW of Ba, Fiji",earthquake,9.5,1.9,0.125,21,reviewed,us,us
2022-03-19T23:19:43.463Z,-16.5036,178.1047,10,4.5,mb,,130,1.235,0.5,us,us7000gwuj,2022-05-28T18:35:31.040Z,"122 km NNE of Ba, Fiji",earthquake,10.3,1.9,0.242,5,reviewed,us,us
2022-01-23T18:19:47.815Z,-18.436,176.3294,10,4.7,mb,,71,1.777,1.07,us,us7000ggni,2022-04-09T20:18:55.040Z,"134 km WSW of Nadi, Fiji",earthquake,5.9,1.8,0.092,36,reviewed,us,us
2021-12-31T20:29:42.723Z,-16.4344,178.0668,10,4.7,mb,,121,1.303,1.04,us,us7000gazi,2022-03-05T23:11:13.040Z,"128 km NNE of Ba, Fiji",earthquake,10.9,1.9,0.138,18,reviewed,us,us
2021-12-28T02:45:13.670Z,-17.5673,179.69,642.4,4.5,mb,,137,1.571,0.83,us,us7000g9yb,2022-03-05T23:11:05.040Z,"67 km NE of Levuka, Fiji",earthquake,10.7,13.1,0.151,13,reviewed,us,us
2021-12-26T15:42:57.107Z,-18.1104,-179.352,639.16,6.1,mww,,33,2.497,0.87,us,us6000gfgd,2022-03-05T23:10:42.040Z,"141 km E of Levuka, Fiji",earthquake,8.7,2.7,0.046,45,reviewed,us,us
2021-12-25T10:03:23.721Z,-18.0239,-179.2981,608.57,4.5,mb,,72,8.304,0.91,us,us6000gf77,2022-03-05T23:10:39.040Z,"146 km E of Levuka, Fiji",earthquake,12.2,6.6,0.039,195,reviewed,us,us
2021-12-19T21:16:59.335Z,-17.0764,179.5141,10,4.5,mb,,90,1.545,0.52,us,us6000gely,2022-03-01T16:38:02.040Z,"72 km SSE of Labasa, Fiji",earthquake,6.7,1.9,0.191,11,reviewed,us,us
2021-12-19T16:28:22.616Z,-16.3139,178.5777,10,6.2,mww,,45,1.509,0.64,us,us6000gdma,2022-03-01T16:37:59.040Z,"85 km W of Labasa, Fiji",earthquake,7.6,1.8,0.041,57,reviewed,us,us
2021-11-24T05:53:48.053Z,-16.9602,175.2221,10,5.6,mwb,,67,2.813,0.74,us,us7000fwms,2022-01-29T22:55:37.040Z,"247 km WNW of Lautoka, Fiji",earthquake,2.9,1.8,0.051,37,reviewed,us,us
2021-11-24T04:29:01.902Z,-16.6913,175.1765,10,5.4,mww,,43,2.941,0.59,us,us7000fwm8,2022-01-29T22:55:37.040Z,"262 km WNW of Lautoka, Fiji",earthquake,8.4,1.8,0.098,10,reviewed,us,us
2021-11-24T04:17:52.717Z,-16.8108,175.2846,10,5.3,mww,,66,2.803,0.77,us,us7000fwm4,2022-01-29T22:55:36.040Z,"247 km WNW of Lautoka, Fiji",earthquake,8.2,1.8,0.093,11,reviewed,us,us
2021-11-23T11:54:13.943Z,-16.331,178.1296,10,4.8,mb,,112,1.407,0.39,us,us7000fwf9,2022-01-29T22:55:30.040Z,"132 km W of Labasa, Fiji",earthquake,8.3,1.8,0.042,181,reviewed,us,us
2021-11-22T04:22:29.293Z,-16.6642,175.2724,10,4.5,mb,,97,2.866,0.85,us,us7000fx8y,2022-01-29T22:56:02.040Z,"254 km WNW of Lautoka, Fiji",earthquake,8,1.9,0.164,11,reviewed,us,us
2021-11-21T22:11:44.748Z,-16.8844,175.3521,10,4.9,mb,,49,2.718,0.82,us,us7000fw18,2022-08-06T18:59:55.600Z,"237 km WNW of Lautoka, Fiji",earthquake,4.4,1.8,0.065,73,reviewed,us,us
2021-11-10T01:27:17.386Z,-16.6523,176.9889,10,4.6,mb,,91,1.488,0.76,us,us7000fucd,2022-01-15T20:51:52.040Z,"117 km NNW of Lautoka, Fiji",earthquake,8.9,1.8,0.136,16,reviewed,us,us
2021-10-30T05:39:20.056Z,-16.9036,176.8236,10,4.5,mb,,85,1.441,0.92,us,us7000frer,2022-01-14T17:59:00.040Z,"103 km NW of Lautoka, Fiji",earthquake,10.7,1.9,0.27,4,reviewed,us,us
2021-10-11T19:10:49.193Z,-16.8442,176.8145,10,4.7,mb,,64,1.483,1.22,us,us6000fuwu,2021-12-18T19:58:54.040Z,"109 km NW of Lautoka, Fiji",earthquake,5.5,1.8,0.195,12,reviewed,us,us
2021-10-10T02:57:14.546Z,-16.539,177.6292,10,4.7,mb,,102,1.265,0.86,us,us6000ful6,2021-12-18T19:58:45.040Z,"110 km N of Ba, Fiji",earthquake,8.6,1,0.158,15,reviewed,us,us
2021-09-24T00:23:04.133Z,-15.8242,-179.8965,10,4.6,mb,,131,2.283,0.71,us,us6000fq5j,2021-12-04T14:28:00.040Z,"103 km NE of Labasa, Fiji",earthquake,12.8,1.9,0.151,13,reviewed,us,us
2021-08-09T03:44:32.105Z,-16.4893,178.2246,10,4.7,mb,,124,1.259,1.32,us,us6000f7yt,2021-10-23T15:46:48.040Z,"121 km W of Labasa, Fiji",earthquake,10.9,1.2,0.175,11,reviewed,us,us
2021-07-17T14:01:49.676Z,-16.1424,178.8926,10,4.7,mb,,129,1.784,0.9,us,us7000emxz,2021-09-25T21:07:59.040Z,"59 km WNW of Labasa, Fiji",earthquake,10.1,1.9,0.113,26,reviewed,us,us
2021-06-19T06:10:56.285Z,-18.0419,176.5649,10,4.7,mb,,110,1.447,0.38,us,us6000epbr,2021-08-27T18:57:32.040Z,"93 km WSW of Nadi, Fiji",earthquake,8,1.9,0.224,7,reviewed,us,us
2021-05-18T14:48:16.879Z,-16.112,179.6208,26.07,4.9,mb,,137,2.211,0.59,us,us7000e5tw,2022-08-09T05:13:36.048Z,"44 km NE of Labasa, Fiji",earthquake,13.3,6.1,0.1,36,reviewed,us,us
2021-04-13T08:02:58.826Z,-18.9328,176.2162,10,4.5,mb,,124,2.106,0.86,us,us6000e38c,2021-06-19T21:26:16.040Z,"178 km SW of Nadi, Fiji",earthquake,12,1.9,0.271,6,reviewed,us,us
2021-04-05T08:11:38.456Z,-17.599,179.189,632.1,4.6,mb,,78,1.092,0.59,us,us6000dz3j,2021-06-12T21:37:17.040Z,"53 km NNW of Levuka, Fiji",earthquake,6.6,6.6,0.034,255,reviewed,us,us
2021-03-20T01:16:56.966Z,-16.9704,176.3388,10,4.8,mb,,216,1.809,0.38,us,us6000dwrl,2021-06-02T15:22:59.040Z,"138 km WNW of Lautoka, Fiji",earthquake,9.4,2,0.249,6,reviewed,us,us
2021-02-08T00:23:49.476Z,-15.7956,177.7189,10,4.6,mb,,103,1.964,0.63,us,us6000dh40,2021-04-22T21:51:15.040Z,"189 km WNW of Labasa, Fiji",earthquake,8.9,1.9,0.096,32,reviewed,us,us
2021-02-02T20:49:27.596Z,-16.282,177.95,10,5.8,mww,,35,4.269,0.79,us,us6000ddzk,2021-04-16T19:03:04.040Z,"141 km NNE of Ba, Fiji",earthquake,8.5,1.7,0.06,27,reviewed,us,us
2021-01-11T19:16:30.997Z,-16.4072,178.0071,10,4.6,mb,,133,1.33,0.66,us,us7000d1qn,2021-03-20T21:24:14.040Z,"Fiji",earthquake,5,1.9,0.181,9,reviewed,us,us
2021-01-10T10:13:35.766Z,-15.7187,-179.3551,10,4.6,mb,,103,1.841,0.44,us,us7000d1ek,2021-03-20T21:23:39.040Z,"158 km ENE of Labasa, Fiji",earthquake,9.3,1.9,0.182,9,reviewed,us,us
2020-12-19T17:34:43.173Z,-16.9056,176.6719,10,4.7,mb,,108,1.56,0.82,us,us6000d272,2021-02-27T23:23:57.040Z,"114 km NW of Lautoka, Fiji",earthquake,11.6,1.9,0.153,15,reviewed,us,us
2020-11-04T13:34:54.342Z,-17.2797,175.6833,10,4.5,mb,,78,2.307,0.36,us,us7000cab0,2021-01-23T22:25:27.040Z,"191 km WNW of Lautoka, Fiji",earthquake,6.3,1.8,0.151,13,reviewed,us,us
2020-09-16T01:14:56.389Z,-18.8766,176.071,27.66,4.6,mb,,118,2.193,1.1,us,us6000bzky,2020-11-28T21:31:44.040Z,"185 km SW of Nadi, Fiji",earthquake,7.1,6.1,0.244,5,reviewed,us,us
2020-09-15T10:55:13.453Z,-14.901,-179.851,10,4.9,mb,,109,1.775,0.75,us,us7000bnh9,2020-11-21T20:10:44.040Z,"189 km NNE of Labasa, Fiji",earthquake,9.4,1.8,0.102,30,reviewed,us,us
2020-09-15T04:12:16.258Z,-15.1075,179.8718,10,5.9,mww,,34,3.15,0.67,us,us7000bndc,2022-08-09T00:22:12.086Z,"156 km NNE of Labasa, Fiji",earthquake,7.5,1.7,0.057,30,reviewed,us,us
2020-08-29T03:17:40.903Z,-17.3986,-179.0211,543.46,4.5,mb,,78,2.812,0.97,us,us7000bep8,2020-11-07T18:48:32.040Z,"191 km ENE of Levuka, Fiji",earthquake,9.7,6.1,0.089,37,reviewed,us,us
2020-08-28T01:57:22.389Z,-15.0399,-179.0062,401.68,4.8,mb,,64,1.124,1.09,us,us7000be5c,2020-11-07T18:48:30.040Z,"123 km SW of Leava, Wallis and Futuna",earthquake,9.6,5.3,0.027,436,reviewed,us,us
2020-08-26T08:39:55.223Z,-15.8021,-179.4134,10,4.9,mb,,102,1.94,0.59,us,us7000bd3k,2020-11-07T18:48:28.040Z,"148 km ENE of Labasa, Fiji",earthquake,8.5,1.8,0.039,212,reviewed,us,us
2020-08-26T04:10:16.210Z,-15.8759,-179.3367,10,4.7,mb,,115,1.951,0.74,us,us7000bd2q,2020-11-07T18:48:28.040Z,"151 km ENE of Labasa, Fiji",earthquake,10,1.8,0.072,58,reviewed,us,us
2020-08-16T21:13:25.000Z,-16.2729,178.1615,10,4.9,mb,,68,1.467,0.91,us,us6000bfqs,2022-08-08T23:58:29.315Z,"129 km W of Labasa, Fiji",earthquake,11.7,1.8,0.041,186,reviewed,us,us
2020-06-21T06:13:48.359Z,-16.893,176.7273,10,4.5,mb,,74,1.523,0.79,us,us6000afsl,2020-08-30T00:00:58.040Z,"111 km NW of Lautoka, Fiji",earthquake,5.9,1.8,0.128,18,reviewed,us,us
2020-06-16T02:17:25.384Z,-16.7396,177.1369,10,4.8,mb,,80,1.328,0.53,us,us6000ah6k,2020-08-22T19:15:04.040Z,"102 km NNW of Lautoka, Fiji",earthquake,7.5,1.9,0.121,21,reviewed,us,us
2020-06-07T03:42:37.763Z,-16.6884,177.4053,10,4.9,mb,,91,1.219,1.08,us,us6000a7ci,2020-08-18T17:59:01.040Z,"97 km NNW of Ba, Fiji",earthquake,8.7,1.8,0.057,99,reviewed,us,us
2020-06-06T10:55:41.996Z,-16.7247,177.346,10,5.7,mww,,85,1.218,0.75,us,us6000a74v,2022-03-10T05:21:02.247Z,"96 km NNW of Ba, Fiji",earthquake,6.3,1.5,0.056,31,reviewed,us,us
2020-05-12T12:13:08.027Z,-16.241,178.0484,10,4.7,mb,,110,1.495,0.57,us,us70009kv9,2020-07-29T22:14:39.040Z,"142 km W of Labasa, Fiji",earthquake,5.6,1.9,0.074,56,reviewed,us,us
2020-04-16T08:21:54.763Z,-16.2879,178.3742,10,5.2,mww,,73,1.481,0.64,us,us70008xf4,2020-07-09T14:31:11.040Z,"107 km W of Labasa, Fiji",earthquake,7.5,1.8,0.093,11,reviewed,us,us
2020-03-12T15:44:56.532Z,-16.1694,178.3327,28.54,4.8,mb,,118,1.589,0.82,us,us70008gve,2020-05-30T22:17:22.040Z,"114 km WNW of Labasa, Fiji",earthquake,8,5.3,0.087,50,reviewed,us,us
2020-03-04T03:41:20.189Z,-17.5943,-178.9977,567,4.5,mb,,146,2.816,0.73,us,us60008cjd,2020-05-23T22:03:09.040Z,"186 km ENE of Levuka, Fiji",earthquake,10.8,7.1,0.14,15,reviewed,us,us
2020-02-15T09:39:15.121Z,-15.6935,179.9662,10,5.7,mww,,114,2.742,0.7,us,us70007qt0,2020-05-02T22:09:52.040Z,"104 km NE of Labasa, Fiji",earthquake,9.7,1.9,0.069,20,reviewed,us,us
2020-02-15T03:44:18.287Z,-18.5736,176.4583,10,4.5,mb,,125,1.725,1.25,us,us70007u68,2020-05-02T22:10:30.040Z,"132 km SW of Nadi, Fiji",earthquake,8.2,1.9,0.157,12,reviewed,us,us
2020-02-09T10:27:35.039Z,-16.5081,-179.8535,510.4,4.5,mb,,66,2.349,0.71,us,us70007m0p,2020-04-25T22:18:58.040Z,"83 km E of Labasa, Fiji",earthquake,11.8,2.8,0.065,70,reviewed,us,us
2020-02-06T12:00:54.645Z,-17.9104,-179.1057,601.43,4.6,mb,,81,2.711,0.84,us,us70007jvs,2020-04-25T22:18:09.040Z,"167 km E of Levuka, Fiji",earthquake,13,7.3,0.078,48,reviewed,us,us
2020-02-03T11:14:46.271Z,-18.1009,-179.2763,621.29,4.7,mb,,56,2.567,0.98,us,us60007nck,2020-04-18T22:10:19.040Z,"148 km E of Levuka, Fiji",earthquake,12.2,6.6,0.031,307,reviewed,us,us
2020-01-22T00:57:20.909Z,-16.5518,177.9519,10,5.5,mww,,24,1.19,1.01,us,us60007cim,2020-04-11T18:20:36.040Z,"112 km NNE of Ba, Fiji",earthquake,6.1,1.7,0.069,20,reviewed,us,us
2019-12-14T16:36:03.668Z,-16.2764,176.9734,10,4.6,mb,,173,1.788,1.01,us,us60006ri5,2020-03-04T21:27:02.040Z,"156 km NNW of Lautoka, Fiji",earthquake,9,2,0.146,16,reviewed,us,us
2019-11-29T17:41:24.756Z,-16.6989,176.6894,10,4.8,mb,,70,1.667,0.78,us,us60006pf4,2020-02-19T18:57:57.040Z,"129 km NW of Lautoka, Fiji",earthquake,9.1,1.9,0.135,19,reviewed,us,us
2019-11-22T14:55:33.850Z,-18.4014,176.2189,10,4.5,mb,,104,1.862,0.74,us,us70006bnp,2020-02-14T22:02:12.040Z,"142 km WSW of Nadi, Fiji",earthquake,12.2,1.9,0.128,18,reviewed,us,us
2019-11-08T22:47:38.309Z,-17.8065,177.9245,10,4.7,mb,,73,0.136,0.74,us,us60006c1m,2020-02-01T23:22:02.040Z,"40 km SE of Ba, Fiji",earthquake,9.6,1.9,0.102,29,reviewed,us,us
2019-11-06T22:12:30.301Z,-16.5941,176.9606,10,4.6,mb,,172,1.549,0.48,us,us60006bit,2020-02-01T23:21:43.040Z,"124 km NNW of Lautoka, Fiji",earthquake,6.3,1.8,0.194,8,reviewed,us,us
2019-10-19T20:31:55.464Z,-18.9154,178.0608,17.49,5.7,mww,,37,1.164,0.84,us,us70005w2i,2020-07-10T17:51:14.714Z,"94 km SSW of Suva, Fiji",earthquake,6.6,3.1,0.06,27,reviewed,us,us
2019-09-30T13:39:33.933Z,-17.6156,179.9142,603.51,4.7,mb,,59,1.779,0.8,us,us70005nvb,2019-12-20T19:04:03.040Z,"80 km NE of Levuka, Fiji",earthquake,10.3,7.3,0.032,293,reviewed,us,us
2019-09-30T13:30:09.993Z,-17.623,179.865,608.31,4.7,mb,,75,1.731,0.77,us,us70005nv5,2019-12-20T19:04:03.040Z,"76 km NE of Levuka, Fiji",earthquake,11.1,8.3,0.03,328,reviewed,us,us
2019-09-19T01:03:20.997Z,-17.4802,179.5836,576.83,4.5,mb,,140,1.483,0.55,us,us70005mer,2019-12-10T17:27:14.040Z,"70 km NNE of Levuka, Fiji",earthquake,15.1,7.6,0.15,13,reviewed,us,us
2019-09-15T14:03:08.081Z,-17.8601,179.5163,644.67,4.5,mb,,89,1.399,0.55,us,us60005m99,2019-12-05T18:30:52.040Z,"31 km NE of Levuka, Fiji",earthquake,13.7,11.4,0.131,17,reviewed,us,us
2019-07-27T22:00:42.595Z,-16.744,-179.5411,520.49,4.6,mb,,46,2.505,0.87,us,us60004wla,2019-10-11T20:12:43.040Z,"121 km ESE of Labasa, Fiji",earthquake,11.2,6.2,0.044,153,reviewed,us,us
2019-07-26T23:36:36.295Z,-16.734,176.3376,10,5.1,mb,,58,1.922,0.48,us,us60004w90,2019-10-11T20:12:37.040Z,"153 km NW of Lautoka, Fiji",earthquake,9,1.9,0.104,30,reviewed,us,us
2019-07-06T11:39:38.909Z,-18.3274,176.3511,10,4.9,mb,,85,1.719,1.13,us,us70004cip,2019-09-26T14:30:41.040Z,"126 km WSW of Nadi, Fiji",earthquake,10.1,1.9,0.106,28,reviewed,us,us
2019-07-06T06:41:16.710Z,-18.4416,176.4384,10,4.6,mb,,84,1.684,1.12,us,us70004lk0,2019-09-26T14:31:07.040Z,"125 km SW of Nadi, Fiji",earthquake,8.8,1.9,0.116,22,reviewed,us,us
2019-07-06T06:30:27.341Z,-18.4367,176.3138,10,5,mb,,91,1.791,0.4,us,us70004bz6,2019-09-26T14:30:34.040Z,"136 km WSW of Nadi, Fiji",earthquake,5.8,1.8,0.074,58,reviewed,us,us
2019-07-06T06:27:03.530Z,-18.5797,176.5119,10,5,mb,,119,1.684,0.78,us,us70004byv,2019-09-26T14:30:34.040Z,"128 km SW of Nadi, Fiji",earthquake,3.1,1.9,0.092,38,reviewed,us,us
2019-06-23T13:23:09.277Z,-16.3937,177.538,10,4.7,mb,,67,1.431,0.8,us,us600044uz,2019-09-11T15:19:37.040Z,"127 km N of Ba, Fiji",earthquake,4.3,1.9,0.073,56,reviewed,us,us
2019-06-10T20:25:21.283Z,-16.1481,178.3903,10.98,5,mb,,121,1.62,1.28,us,us70003xuq,2019-08-27T17:48:09.040Z,"108 km WNW of Labasa, Fiji",earthquake,12.3,1.9,0.059,91,reviewed,us,us
2019-05-25T04:50:10.944Z,-16.5505,177.6175,10,4.6,mb,,99,1.258,1.08,us,us70003tst,2019-08-13T14:30:50.040Z,"109 km N of Ba, Fiji",earthquake,9.1,1.8,0.244,8,reviewed,us,us
2019-05-24T09:36:17.702Z,-16.4554,178.0574,10,5.1,mww,,83,1.282,0.92,us,us60003rlu,2022-08-08T13:51:17.288Z,"126 km NNE of Ba, Fiji",earthquake,8.3,1.8,0.103,9,reviewed,us,us
2019-04-12T02:28:52.718Z,-17.9983,-179.3664,619.42,4.6,mb,,50,2.47,1.13,us,us700034r4,2019-06-20T19:03:20.040Z,"139 km E of Levuka, Fiji",earthquake,12.2,7.2,0.086,40,reviewed,us,us
2019-02-18T11:21:04.040Z,-16.8153,177.7027,19.84,4.6,mb,,114,0.983,1.32,us,us2000jji7,2019-05-01T22:01:02.040Z,"79 km N of Ba, Fiji",earthquake,13.7,5.5,0.141,20,reviewed,us,us
2019-02-17T03:08:08.720Z,-16.3247,178.8417,10,4.5,mb,,124,1.601,0.78,us,us2000jpml,2019-05-01T22:01:14.040Z,"57 km WNW of Labasa, Fiji",earthquake,12.9,1.9,0.204,7,reviewed,us,us
2019-02-09T22:46:28.250Z,-16.6074,177.495,10,4.6,mb,,136,1.25,0.64,us,us2000jngl,2019-04-25T15:32:01.040Z,"104 km N of Ba, Fiji",earthquake,11,1.9,0.173,10,reviewed,us,us
2019-01-28T16:00:16.790Z,-17.9627,-179.2838,618.77,5.5,mww,,70,2.545,1.15,us,us2000j9pz,2019-04-12T17:16:08.040Z,"148 km E of Levuka, Fiji",earthquake,10.5,4,0.071,19,reviewed,us,us
2018-12-13T01:13:58.110Z,-16.5182,178.0247,10,4.7,mb,,138,1.22,0.7,us,us2000iv1c,2019-02-16T22:29:06.040Z,"118 km NNE of Ba, Fiji",earthquake,14.5,1.9,0.173,10,reviewed,us,us
2018-12-13T00:55:06.470Z,-16.2571,177.7727,10,4.5,mb,,205,1.503,0.52,us,us2000iv1a,2019-02-16T22:29:06.040Z,"141 km N of Ba, Fiji",earthquake,10.3,2,0.205,7,reviewed,us,us
2018-12-06T03:49:22.470Z,-16.2608,177.9611,10,5,mb,,113,1.478,0.67,us,us1000i38i,2019-02-16T19:52:25.040Z,"144 km NNE of Ba, Fiji",earthquake,11,1.9,0.061,86,reviewed,us,us
2018-11-17T16:43:14.650Z,-15.7362,-179.9191,10,5.1,mb,,120,2.244,1.37,us,us1000ht8c,2022-05-03T19:39:08.761Z,"108 km NE of Labasa, Fiji",earthquake,9.4,1.8,0.043,176,reviewed,us,us
2018-11-14T20:42:17.800Z,-16.8908,177.5889,10,4.6,mb,,94,0.957,1.03,us,us1000hrus,2019-01-30T18:36:24.040Z,"71 km N of Ba, Fiji",earthquake,5.2,1.9,0.104,28,reviewed,us,us
2018-10-24T11:29:00.900Z,-16.3885,178.0536,10,5.2,mww,,67,1.348,0.83,us,us1000hgg0,2019-01-10T17:18:35.040Z,"133 km NNE of Ba, Fiji",earthquake,8.1,1.8,0.058,29,reviewed,us,us
2018-10-01T15:35:38.520Z,-16.9986,-179.1581,536.94,4.5,mb,,70,2.764,0.84,us,us1000h7mq,2018-12-14T20:32:42.040Z,"169 km ESE of Labasa, Fiji",earthquake,14.2,8.8,0.104,27,reviewed,us,us
2018-09-28T19:38:06.420Z,-18.6981,179.6129,655.81,4.5,mb,,97,1.76,0.86,us,us1000h74e,2018-12-01T16:44:25.040Z,"76 km SSE of Levuka, Fiji",earthquake,13.9,8.1,0.083,42,reviewed,us,us
2018-09-23T19:54:31.860Z,-17.6884,-179.8393,608.28,4.6,mb,,57,2.009,1.05,us,us2000hj34,2018-11-27T15:52:04.040Z,"98 km ENE of Levuka, Fiji",earthquake,12.2,7,0.044,152,reviewed,us,us
2018-09-21T03:41:41.530Z,-17.8343,-179.88,638.64,5.7,mwb,,37,1.971,1.18,us,us2000hhzr,2018-11-27T15:52:01.040Z,"88 km ENE of Levuka, Fiji",earthquake,9.6,6.1,0.056,31,reviewed,us,us
2018-09-21T03:40:40.550Z,-17.9071,-179.9776,652.35,5.9,mww,,19,1.883,0.99,us,us2000hhzn,2022-05-03T19:43:28.882Z,"76 km ENE of Levuka, Fiji",earthquake,10,3.6,0.089,12,reviewed,us,us
2018-09-11T09:25:48.380Z,-17.7979,179.9378,616.95,4.5,mb,,74,1.797,1.15,us,us2000hciw,2018-11-21T18:19:08.040Z,"72 km ENE of Levuka, Fiji",earthquake,11.7,7.6,0.03,319,reviewed,us,us
2018-09-09T02:27:44.040Z,-18.0903,-179.3804,617.69,4.5,mb,,87,2.467,0.84,us,us2000hgpm,2018-11-14T17:40:19.040Z,"137 km E of Levuka, Fiji",earthquake,13.8,6.7,0.106,26,reviewed,us,us
2018-09-06T23:55:40.980Z,-17.9326,-179.8154,637.52,4.5,mb,,40,2.039,1,us,us2000h9xr,2018-11-14T17:40:16.040Z,"93 km E of Levuka, Fiji",earthquake,11.1,7.2,0.029,356,reviewed,us,us
2018-09-06T23:40:14.440Z,-18.1943,179.2006,638.91,4.5,mb,,71,1.18,1,us,us2000hglm,2018-11-14T17:40:16.040Z,"18 km SW of Levuka, Fiji",earthquake,12.2,7.2,0.043,156,reviewed,us,us
2018-09-06T18:22:23.820Z,-19.0661,179.5335,657.4,4.6,mb,,81,1.924,1.1,us,us2000h9q2,2018-11-14T17:40:15.040Z,"112 km SSE of Levuka, Fiji",earthquake,11.4,7.1,0.035,241,reviewed,us,us
2018-09-06T18:13:49.410Z,-18.0149,179.0186,648.63,4.6,mb,,55,0.958,1.1,us,us2000h9ps,2018-11-14T17:40:15.040Z,"32 km W of Levuka, Fiji",earthquake,12.3,5.9,0.031,307,reviewed,us,us
2018-09-06T17:23:35.440Z,-18.127,-179.5756,626.36,4.5,mb,,118,2.289,0.96,us,us2000hgkp,2018-11-14T17:40:15.040Z,"117 km E of Levuka, Fiji",earthquake,9.7,10.2,0.089,37,reviewed,us,us
2018-09-06T17:03:53.660Z,-17.9297,-179.6282,651.56,4.5,mb,,112,2.216,0.97,us,us2000hgkn,2018-11-14T17:40:15.040Z,"112 km E of Levuka, Fiji",earthquake,16,7.7,0.088,38,reviewed,us,us
2018-09-06T16:47:50.870Z,-17.8787,-179.9696,642.1,4.7,mb,,90,1.888,0.81,us,us2000hglx,2018-11-14T17:40:15.040Z,"78 km ENE of Levuka, Fiji",earthquake,13.5,10.9,0.08,48,reviewed,us,us
2018-09-06T16:43:18.850Z,-17.7853,-179.6329,619.17,4.8,mb,,86,2.205,0.94,us,us2000h9n4,2018-11-14T17:40:15.040Z,"115 km ENE of Levuka, Fiji",earthquake,8.5,7.5,0.066,70,reviewed,us,us
2018-09-06T16:38:56.560Z,-18.0046,-179.7424,634.4,4.8,mb,,117,2.115,1,us,us2000hgl9,2018-11-14T17:40:15.040Z,"99 km E of Levuka, Fiji",earthquake,13.4,9,0.058,91,reviewed,us,us
2018-09-06T16:35:24.610Z,-18.1222,-179.2629,625.33,4.8,mb,,75,2.582,0.89,us,us2000hgkm,2018-11-14T17:40:15.040Z,"150 km E of Levuka, Fiji",earthquake,10.7,7.6,0.053,111,reviewed,us,us
2018-09-06T16:31:32.040Z,-18.1105,-179.7806,623.81,5.4,mb,,26,2.094,1.18,us,us2000h9j1,2022-05-03T20:01:04.955Z,"95 km E of Levuka, Fiji",earthquake,9.6,5.5,0.024,578,reviewed,us,us
2018-09-06T16:23:03.560Z,-17.9182,-179.8137,625.76,5.1,mb,,47,2.039,1.11,us,us2000hgkk,2018-11-14T17:40:15.040Z,"93 km E of Levuka, Fiji",earthquake,9.7,6.5,0.055,105,reviewed,us,us
2018-09-06T16:19:11.930Z,-18.0899,-179.6261,643.19,4.5,mb,,303,2.236,0.48,us,us2000hgl5,2018-11-14T17:40:15.040Z,"111 km E of Levuka, Fiji",earthquake,32.8,27.4,0.14,18,reviewed,us,us
2018-09-06T16:15:09.050Z,-18.2682,179.7821,599.19,4.9,mb,,111,1.726,0.61,us,us2000hgly,2018-11-14T17:40:15.040Z,"54 km ESE of Levuka, Fiji",earthquake,12.7,14.2,0.177,10,reviewed,us,us
2018-09-06T16:10:59.950Z,-17.8555,179.9952,631.62,5.1,mb,,77,1.853,0.9,us,us2000hgkl,2018-11-14T17:40:15.040Z,"75 km ENE of Levuka, Fiji",earthquake,11.1,7.4,0.05,130,reviewed,us,us
2018-09-06T16:10:12.310Z,-18.5074,-179.6512,646.47,5,mb,,80,2.311,0.83,us,us2000hgl7,2018-11-14T17:40:15.040Z,"119 km ESE of Levuka, Fiji",earthquake,11.7,7.1,0.062,88,reviewed,us,us
2018-09-06T16:09:03.960Z,-16.8582,-179.3705,369.68,4.7,mb,,155,2.614,1.25,us,us2000hgm1,2018-11-14T17:40:15.040Z,"142 km ESE of Labasa, Fiji",earthquake,16.5,11.3,0.115,27,reviewed,us,us
2018-09-06T16:08:59.780Z,-17.9328,-179.8566,633.22,5.2,mb,,89,2,0.61,us,us2000hgkj,2018-11-14T17:40:15.040Z,"88 km E of Levuka, Fiji",earthquake,10.6,8.2,0.071,65,reviewed,us,us
2018-09-06T16:08:21.610Z,-17.9933,-179.6692,660.43,5.1,mb,,135,2.183,0.82,us,us2000hglz,2018-11-14T17:40:15.040Z,"107 km E of Levuka, Fiji",earthquake,10.8,7.8,0.075,57,reviewed,us,us
2018-09-06T16:02:50.590Z,-18.0651,-179.526,630.29,5.3,mb,,51,2.327,0.94,us,us2000hgki,2018-11-14T17:40:15.040Z,"122 km E of Levuka, Fiji",earthquake,11.7,7.4,0.053,125,reviewed,us,us
2018-09-06T15:58:27.980Z,-18.1864,-179.238,623.83,5.1,mb,,138,2.615,0.53,us,us2000hglt,2018-11-14T17:40:15.040Z,"153 km E of Levuka, Fiji",earthquake,16,9.3,0.119,27,reviewed,us,us
2018-09-06T15:56:41.110Z,-18.2769,179.3142,656.35,5.7,mb,,51,1.311,1.01,us,us2000hgln,2022-05-03T19:31:17.656Z,"23 km S of Levuka, Fiji",earthquake,11.4,7.4,0.062,97,reviewed,us,us
2018-09-06T15:49:18.710Z,-18.4743,179.3502,670.81,7.9,mww,,12,1.431,1.07,us,us2000h9e2,2022-05-03T19:33:29.496Z,"45 km S of Levuka, Fiji",earthquake,9.5,2.8,0.025,157,reviewed,us,us
2018-08-29T01:24:57.490Z,-16.426,178.0367,23,5.8,mww,,54,1.311,0.82,us,us1000gj9f,2022-05-03T19:39:07.369Z,"128 km NNE of Ba, Fiji",earthquake,8.2,1.8,0.073,18,reviewed,us,us
2018-08-28T01:30:57.650Z,-15.0023,-179.8193,78.98,4.6,mb,,132,3.407,0.26,us,us2000h98l,2018-11-07T18:37:10.040Z,"180 km NNE of Labasa, Fiji",earthquake,9.1,7.7,0.111,24,reviewed,us,us
2018-08-27T10:27:32.060Z,-17.1692,-179.32,539.24,4.7,mb,,80,2.572,0.8,us,us1000ghxw,2018-11-07T18:37:02.040Z,"162 km ESE of Labasa, Fiji",earthquake,11.9,7.4,0.099,31,reviewed,us,us
2018-08-24T17:51:19.350Z,-18.638,-179.0569,557.51,4.5,mb,,63,2.887,0.74,us,us1000ggwz,2018-11-01T17:50:57.040Z,"183 km ESE of Levuka, Fiji",earthquake,11.8,6.9,0.056,94,reviewed,us,us
2018-08-20T20:07:58.200Z,-16.9727,-179.3359,544.38,4.5,mb,,68,2.609,1.02,us,us1000ge4z,2018-11-01T17:50:50.040Z,"150 km ESE of Labasa, Fiji",earthquake,12.8,6.2,0.037,218,reviewed,us,us
2018-08-19T05:20:43.860Z,-17.7788,-179.6661,630,4.6,mb,,81,2.174,0.51,us,us1000gimp,2018-10-27T16:22:10.040Z,"112 km ENE of Levuka, Fiji",earthquake,11.3,7.5,0.047,137,reviewed,us,us
2018-08-19T05:19:58.000Z,-17.8557,-179.7109,625.72,4.7,mb,,44,2.133,0.78,us,us1000gd1b,2018-10-27T16:22:06.040Z,"105 km ENE of Levuka, Fiji",earthquake,10.8,7,0.037,223,reviewed,us,us
2018-08-19T02:01:27.340Z,-16.6128,-179.8474,512.01,4.7,mb,,73,2.301,0.75,us,us1000gcs5,2018-10-27T16:22:06.040Z,"86 km ESE of Labasa, Fiji",earthquake,11.5,8.5,0.048,130,reviewed,us,us
2018-08-19T01:21:32.690Z,-17.8912,-179.0611,623.31,4.6,mb,,169,2.753,0.71,us,us1000gild,2018-10-27T16:22:09.040Z,"172 km E of Levuka, Fiji",earthquake,12.3,10.4,0.104,28,reviewed,us,us
2018-08-19T01:12:28.130Z,-16.6875,-179.735,504.65,4.6,mb,,74,2.361,0.69,us,us1000gimd,2018-10-27T16:22:10.040Z,"100 km ESE of Labasa, Fiji",earthquake,13.2,12.6,0.1,30,reviewed,us,us
2018-08-10T14:28:27.250Z,-16.1643,177.9307,10,5.1,mb,,111,1.576,1.08,us,us1000g6d8,2018-10-17T18:11:45.040Z,"154 km N of Ba, Fiji",earthquake,8.5,1.9,0.09,40,reviewed,us,us
2018-07-19T20:34:36.600Z,-17.7214,179.6788,22.46,4.7,mb,,122,1.549,0.75,us,us2000gcut,2018-10-04T14:15:24.040Z,"54 km NE of Levuka, Fiji",earthquake,12.1,6.6,0.118,34,reviewed,us,us
2018-05-01T12:45:31.050Z,-16.6385,177.145,10,5.6,mww,,39,1.401,1.12,us,us1000dvav,2022-08-08T02:54:02.756Z,"113 km NNW of Lautoka, Fiji",earthquake,7.2,1.8,0.062,25,reviewed,us,us
2018-04-15T08:21:05.910Z,-18.7227,176.3079,10,4.7,mb,,120,1.922,0.77,us,us1000dp9p,2018-07-07T02:25:24.040Z,"155 km SW of Nadi, Fiji",earthquake,12.5,1.9,0.1,30,reviewed,us,us
2018-04-05T15:52:40.910Z,-16.5297,175.0912,10,4.8,mb,,86,3.078,0.5,us,us2000dyy4,2018-06-30T01:11:29.040Z,"278 km WNW of Lautoka, Fiji",earthquake,9.2,1.9,0.131,18,reviewed,us,us
2018-03-26T11:21:18.120Z,-16.4131,175.8886,16.09,4.6,mb,,191,2.457,0.75,us,us1000dds9,2018-06-22T21:32:09.040Z,"213 km NW of Lautoka, Fiji",earthquake,16.3,9.2,0.141,15,reviewed,us,us
2018-03-04T00:30:16.350Z,-14.5395,-179.3717,10,5,mb,,61,4.035,0.71,us,us2000dbwf,2018-05-27T01:06:11.040Z,"133 km WSW of Leava, Wallis and Futuna",earthquake,9.3,1.8,0.079,51,reviewed,us,us
2018-03-04T00:28:25.840Z,-14.3271,-179.4916,10,4.7,mb,,96,4.137,0.96,us,us2000dbwu,2018-05-27T01:06:11.040Z,"143 km W of Leava, Wallis and Futuna",earthquake,8.7,1.9,0.147,14,reviewed,us,us
2018-02-14T14:57:33.660Z,-16.2934,178.0129,10,5,mb,,122,21.47,0.75,us,us2000d213,2018-05-15T06:29:06.040Z,"141 km NNE of Ba, Fiji",earthquake,14.9,1.9,0.073,60,reviewed,us,us
2018-01-25T10:41:14.980Z,-17.7869,-179.6108,639.56,5.8,mww,,32,8.466,1.06,us,us2000cp7l,2022-05-03T19:44:39.804Z,"117 km ENE of Levuka, Fiji",earthquake,10.3,4.4,0.061,26,reviewed,us,us
2017-12-28T18:33:08.130Z,-16.8934,177.8127,35,4.6,mb,,138,11.703,1.09,us,us2000cixc,2018-03-17T01:54:37.040Z,"72 km NNE of Ba, Fiji",earthquake,12.7,1.9,0.151,13,reviewed,us,us
2017-12-07T23:01:56.320Z,-16.6243,176.1015,10,5.1,mb,,115,9.031,0.92,us,us2000c1w0,2018-02-28T02:32:31.040Z,"180 km NW of Lautoka, Fiji",earthquake,8.4,1.8,0.041,199,reviewed,us,us
2017-11-06T00:32:05.340Z,-16.5593,177.0735,23.02,5.1,mb,,64,1.505,0.7,us,us2000bpm8,2018-01-31T03:04:40.040Z,"123 km NNW of Lautoka, Fiji",earthquake,9,5.6,0.101,32,reviewed,us,us
2017-11-03T21:04:45.300Z,-17.6526,179.8318,565.98,4.6,mb,,132,1.698,0.67,us,us2000bmnp,2018-01-24T01:25:07.040Z,"71 km NE of Levuka, Fiji",earthquake,14,7.1,0.151,13,reviewed,us,us
2017-10-29T04:12:29.310Z,-16.3554,178.4296,21.74,4.6,mb,,132,1.427,1.2,us,us2000bjvq,2018-01-24T01:24:57.040Z,"100 km W of Labasa, Fiji",earthquake,15.5,6.3,0.125,19,reviewed,us,us
2017-10-28T21:03:03.220Z,-16.3397,178.4873,10,4.7,mb,,124,1.457,0.88,us,us2000bhz9,2018-01-17T21:50:38.040Z,"94 km W of Labasa, Fiji",earthquake,10.7,1.9,0.104,28,reviewed,us,us
2017-09-21T11:16:41.420Z,-17.636,179.5639,576.74,4.5,mb,,85,1.444,0.95,us,us2000awpm,2017-12-19T01:54:10.040Z,"54 km NNE of Levuka, Fiji",earthquake,13.6,9,0.088,38,reviewed,us,us
2017-09-16T22:33:13.460Z,-17.0944,-179.3562,540.54,4.6,mb,,76,2.556,0.66,us,us2000at4j,2017-12-13T02:29:47.040Z,"154 km ESE of Labasa, Fiji",earthquake,15.6,8.3,0.108,26,reviewed,us,us
2017-09-16T11:24:35.850Z,-17.0456,-179.2793,538.12,4.9,mb,,52,2.64,0.95,us,us2000ap1n,2017-12-13T02:29:46.040Z,"159 km ESE of Labasa, Fiji",earthquake,11.9,6,0.079,50,reviewed,us,us
2017-07-03T17:25:08.840Z,-17.4628,176.775,37.82,4.5,mb,,113,1.25,1.24,us,us100097uj,2017-10-03T00:47:47.040Z,"73 km WNW of Lautoka, Fiji",earthquake,15,8,0.15,13,reviewed,us,us
2017-06-21T16:45:00.600Z,-15.0751,-179.1085,420.31,4.6,mb,,97,3.803,0.82,us,us20009nw3,2017-08-23T16:35:46.040Z,"133 km SW of Leava, Wallis and Futuna",earthquake,11.8,6.8,0.04,190,reviewed,us,us
2017-06-16T17:03:48.060Z,-16.753,177.423,10,4.9,mb,,99,1.155,0.77,us,us20009n4a,2022-05-03T18:31:53.525Z,"90 km NNW of Ba, Fiji",earthquake,9.9,1.8,0.06,88,reviewed,us,us
2017-05-30T19:59:57.820Z,-19.1606,176.8782,35.7,5,mb,,61,1.796,0.73,us,us10008wmm,2017-08-15T02:26:48.040Z,"160 km SSW of Nadi, Fiji",earthquake,7.1,5.9,0.042,183,reviewed,us,us
2017-05-24T09:48:34.080Z,-18.2105,-179.2528,607.81,4.5,mb,,113,2.605,0.7,us,us10008ut3,2017-08-10T01:34:00.040Z,"152 km E of Levuka, Fiji",earthquake,13.5,7,0.088,38,reviewed,us,us
2017-04-13T02:05:23.030Z,-16.46,177.0804,29.4,4.7,mb,,114,1.58,0.71,us,us10008j9v,2017-07-05T18:09:58.040Z,"133 km NNW of Lautoka, Fiji",earthquake,13.2,4.5,0.112,24,reviewed,us,us
2017-02-19T11:02:19.660Z,-15.9003,-179.6419,10,4.9,mb,,122,2.87,0.88,us,us20008ksg,2022-05-03T18:11:26.199Z,"121 km ENE of Labasa, Fiji",earthquake,9,1.9,0.117,23,reviewed,us,us
2017-02-06T22:46:30.210Z,-19.0041,176.2745,10,5.1,mb,,114,2.102,0.76,us,us20008i1l,2017-05-09T01:24:29.040Z,"179 km SW of Nadi, Fiji",earthquake,9.4,1.8,0.087,43,reviewed,us,us
2017-02-06T22:04:41.720Z,-19.2215,176.4517,28.97,4.7,mb,,133,2.113,0.58,us,us20008i1e,2017-05-09T01:24:29.040Z,"187 km SSW of Nadi, Fiji",earthquake,9.6,6,0.147,14,reviewed,us,us
2017-01-14T21:19:29.710Z,-18.7075,176.3742,10,4.5,mb,,121,1.86,1.06,us,us10007tb5,2017-04-01T00:26:13.040Z,"148 km SW of Nadi, Fiji",earthquake,6.5,1.8,0.151,13,reviewed,us,us
2017-01-14T19:02:21.320Z,-18.489,176.1943,10,4.5,mb,,112,1.916,0.68,us,us10007w7r,2017-04-01T00:26:13.040Z,"Fiji region",earthquake,9.6,1.9,0.15,13,reviewed,us,us
2017-01-14T18:56:48.270Z,-18.4797,176.4842,25.75,5.1,mb,,73,1.661,1.02,us,us10007tc7,2017-04-01T00:26:13.040Z,"123 km SW of Nadi, Fiji",earthquake,6.6,5.4,0.094,42,reviewed,us,us
2017-01-14T18:25:43.050Z,-18.6545,176.0894,4.39,5.7,mww,,40,2.074,0.88,us,us10007tas,2022-05-03T18:11:31.739Z,"169 km WSW of Nadi, Fiji",earthquake,7.2,2.9,0.049,40,reviewed,us,us
2017-01-14T18:25:23.220Z,-18.7481,176.4733,26.16,4.5,mb,,123,1.802,0.52,us,us10007w7p,2017-04-01T00:26:13.040Z,"144 km SW of Nadi, Fiji",earthquake,11.4,6.6,0.171,10,reviewed,us,us
2017-01-14T09:31:47.020Z,-18.7279,176.3398,25.27,4.9,mb,,121,1.899,0.5,us,us10007t9e,2017-04-01T00:26:12.040Z,"153 km SW of Nadi, Fiji",earthquake,10.4,6.2,0.087,42,reviewed,us,us
2017-01-14T06:34:37.810Z,-18.7789,176.3655,10,4.7,mb,,118,1.904,1.5,us,us10007w79,2017-04-01T00:26:12.040Z,"154 km SW of Nadi, Fiji",earthquake,9.8,1.9,0.147,14,reviewed,us,us
2017-01-14T06:11:40.920Z,-18.6205,176.2365,3.92,5.9,mww,,39,1.933,1.03,us,us10007t8x,2022-05-03T18:08:46.236Z,"154 km SW of Nadi, Fiji",earthquake,8,3.4,0.055,32,reviewed,us,us
2017-01-05T23:23:02.440Z,-19.1152,176.3079,10,4.8,mb,,122,2.145,1.18,us,us10007ri8,2017-03-27T23:53:24.040Z,"186 km SW of Nadi, Fiji",earthquake,12.3,1.9,0.119,22,reviewed,us,us
2017-01-05T13:44:52.260Z,-19.1707,176.1048,10,4.9,mb,,127,2.33,0.99,us,us10007rbh,2017-03-27T23:53:23.040Z,"205 km SW of Nadi, Fiji",earthquake,8.3,1.8,0.101,31,reviewed,us,us
2017-01-05T00:25:51.650Z,-19.1282,176.0471,10,4.6,mb,,126,2.349,0.86,us,us10007uzp,2017-03-27T23:53:23.040Z,"205 km SW of Nadi, Fiji",earthquake,11.6,1.9,0.172,10,reviewed,us,us
2017-01-04T20:03:52.560Z,-18.7942,176.2567,7,5.7,mww,,79,2,1.17,us,us10007r5m,2022-05-03T18:16:55.043Z,"164 km SW of Nadi, Fiji",earthquake,9.1,1.7,,,reviewed,us,us
2017-01-04T14:31:17.430Z,-19.1825,176.2368,10,5.1,mb,,120,2.239,0.84,us,us10007ppa,2017-03-27T23:53:22.040Z,"197 km SW of Nadi, Fiji",earthquake,4.3,1.8,0.071,64,reviewed,us,us
2017-01-04T05:36:09.050Z,-19.1318,175.9988,10,5.3,mww,,35,2.388,1.21,us,us10007plu,2017-03-27T23:53:22.040Z,"209 km SW of Nadi, Fiji",earthquake,8.5,1.8,0.089,12,reviewed,us,us
2017-01-04T04:01:20.270Z,-18.9881,176.354,10,5.3,mb,,106,2.032,0.68,us,us10007plf,2017-03-27T23:53:22.040Z,"172 km SW of Nadi, Fiji",earthquake,9,1.8,0.036,251,reviewed,us,us
2017-01-04T02:33:03.880Z,-19.2354,176.1898,10,4.9,mb,,114,2.307,0.58,us,us10007pl0,2017-03-27T23:53:22.040Z,"204 km SW of Nadi, Fiji",earthquake,8.2,1.6,0.08,49,reviewed,us,us
2017-01-04T01:16:57.400Z,-19.1665,176.3159,10,4.5,mb,,148,2.172,0.76,us,us10007ufb,2017-03-27T23:53:22.040Z,"190 km SW of Nadi, Fiji",earthquake,9,1.7,0.172,10,reviewed,us,us
2017-01-04T00:09:43.490Z,-18.9157,176.3246,18.51,5.4,mb,,81,2.012,0.86,us,us10007pkf,2022-05-03T18:11:30.517Z,"168 km SW of Nadi, Fiji",earthquake,9.2,1.5,0.041,203,reviewed,us,us
2017-01-04T00:08:58.200Z,-19.1898,176.4454,10,4.6,mb,,127,2.096,1.2,us,us10007uf8,2017-03-27T23:53:21.040Z,"184 km SW of Nadi, Fiji",earthquake,9.9,1.6,0.146,14,reviewed,us,us
2017-01-03T23:56:05.150Z,-19.0006,176.343,10,5,mb,,114,2.048,1.19,us,us10007pke,2017-03-27T23:53:21.040Z,"174 km SW of Nadi, Fiji",earthquake,10.2,1.8,0.098,33,reviewed,us,us
2017-01-03T23:46:12.260Z,-19.1821,176.3234,10,5.1,mb,,124,2.176,0.78,us,us10007pkb,2017-03-27T23:53:21.040Z,"191 km SW of Nadi, Fiji",earthquake,4.6,1.8,0.091,39,reviewed,us,us
2017-01-03T23:41:32.350Z,-19.2366,176.111,10,4.9,mb,,128,2.365,1.2,us,us10007udn,2017-03-27T23:53:21.040Z,"210 km SW of Nadi, Fiji",earthquake,10.4,1.9,0.11,26,reviewed,us,us
2017-01-03T23:34:13.070Z,-18.9749,176.2872,19.36,5.5,mb,,120,2.075,1.31,us,us10007pka,2022-05-03T18:08:16.471Z,"176 km SW of Nadi, Fiji",earthquake,9.2,3.8,0.048,153,reviewed,us,us
2017-01-03T23:30:56.340Z,-19.1458,176.0234,10,4.5,mb,,152,2.377,0.95,us,us10007udx,2017-03-27T23:53:21.040Z,"209 km SW of Nadi, Fiji",earthquake,7.1,1.9,0.164,11,reviewed,us,us
2017-01-03T23:05:18.660Z,-19.079,176.2308,10,4.6,mb,,151,2.18,0.81,us,us10007uef,2017-03-27T23:53:21.040Z,"188 km SW of Nadi, Fiji",earthquake,6.7,1.9,0.141,15,reviewed,us,us
2017-01-03T23:03:52.480Z,-19.2254,176.2009,19.13,5.3,mb,,122,2.292,1,us,us10007pk5,2017-03-27T23:53:21.040Z,"203 km SW of Nadi, Fiji",earthquake,8.2,1.5,0.073,63,reviewed,us,us
2017-01-03T22:43:10.060Z,-18.9906,176.4274,10,5,mb,,129,1.979,1.3,us,us10007udg,2017-03-27T23:53:21.040Z,"167 km SW of Nadi, Fiji",earthquake,6.2,1.9,0.146,15,reviewed,us,us
2017-01-03T22:40:12.570Z,-19.1207,176.1875,10,6,mww,,26,2.237,1.01,us,us10007pjt,2022-08-07T11:35:31.370Z,"195 km SW of Nadi, Fiji",earthquake,7.6,1.7,0.073,18,reviewed,us,us
2017-01-03T22:33:46.080Z,-18.9905,176.424,10,4.9,mb,,127,1.981,1.05,us,us10007pjy,2017-03-27T23:53:21.040Z,"168 km SW of Nadi, Fiji",earthquake,7.9,1.6,0.085,44,reviewed,us,us
2017-01-03T22:12:02.870Z,-19.2048,176.3256,10,4.8,mb,,131,2.19,0.79,us,us10007ue6,2017-03-27T23:53:21.040Z,"193 km SW of Nadi, Fiji",earthquake,8.6,1.8,0.149,14,reviewed,us,us
2017-01-03T22:04:51.250Z,-18.9122,176.2844,10,4.6,mb,,124,2.042,0.78,us,us10007udc,2017-03-27T23:53:21.040Z,"171 km SW of Nadi, Fiji",earthquake,10.5,1.9,0.133,17,reviewed,us,us
2016-12-16T22:36:27.980Z,-16.8558,-179.1899,622.73,4.5,mb,,110,2.778,0.89,us,us10007mai,2017-03-16T02:31:23.040Z,"161 km ESE of Labasa, Fiji",earthquake,15.9,11.6,0.191,8,reviewed,us,us
2016-11-10T07:38:56.300Z,-17.0896,176.7981,39.87,4.7,mb,,70,1.363,1.07,us,us100078t4,2017-02-02T02:21:05.040Z,"90 km NW of Lautoka, Fiji",earthquake,8.9,7.7,0.13,18,reviewed,us,us
2016-11-03T23:05:02.790Z,-17.6585,179.7095,579.81,4.5,mb,,73,1.581,0.8,us,us10007403,2017-01-24T02:02:17.040Z,"61 km NE of Levuka, Fiji",earthquake,12.2,8.8,0.051,112,reviewed,us,us
2016-10-23T15:15:00.150Z,-16.3957,178.33,15.58,4.9,mb,,129,1.367,0.53,us,us100072n2,2017-01-20T00:31:03.040Z,"110 km W of Labasa, Fiji",earthquake,15.6,5.2,0.11,30,reviewed,us,us
2016-10-20T07:49:42.870Z,-17.9749,-179.4804,653.46,5,mb,,75,2.36,1.2,us,us20007fjb,2022-05-03T18:02:04.783Z,"127 km E of Levuka, Fiji",earthquake,11.2,8.2,0.048,139,reviewed,us,us
2016-10-17T02:50:46.930Z,-17.1347,176.3771,10,4.5,mb,,206,1.71,0.4,us,us20007fws,2017-01-15T01:13:53.040Z,"125 km WNW of Lautoka, Fiji",earthquake,6.3,2,0.14,15,reviewed,us,us
2016-09-29T08:23:52.810Z,-17.5414,179.7071,583.32,4.5,mb,,80,1.59,0.94,us,us10006tr3,2016-12-14T03:17:56.040Z,"71 km NE of Levuka, Fiji",earthquake,12.5,3.1,0.061,78,reviewed,us,us
2016-08-10T17:45:52.880Z,-17.0839,-179.0437,571.06,4.5,mb,,117,2.848,1.01,us,us10006dc8,2016-10-26T03:10:25.040Z,"184 km ESE of Labasa, Fiji",earthquake,14.5,10.3,0.096,32,reviewed,us,us
2016-06-13T11:44:40.190Z,-15.5969,-179.6685,10,4.8,mb,,187,3.054,0.46,us,us200065i7,2016-08-25T01:22:54.040Z,"138 km NE of Labasa, Fiji",earthquake,9.7,1.9,0.135,17,reviewed,us,us
2016-06-09T04:13:42.370Z,-17.5816,176.3745,27.6,4.9,mb,,109,1.608,0.68,us,us200064by,2016-08-18T00:36:36.040Z,"113 km WNW of Nadi, Fiji",earthquake,11.7,3.7,0.106,28,reviewed,us,us
2016-06-06T01:04:27.750Z,-18.0132,-179.2911,597.74,4.5,mb,,118,2.543,0.96,us,us2000629b,2016-08-18T00:36:32.040Z,"147 km E of Levuka, Fiji",earthquake,11.8,6.5,0.061,79,reviewed,us,us
2016-05-16T11:24:07.360Z,-17.2304,175.9066,17.32,5.3,mb,,74,8.551,1,us,us10005hqn,2016-07-22T19:39:09.040Z,"169 km WNW of Lautoka, Fiji",earthquake,10.4,3.5,0.057,102,reviewed,us,us
2016-04-20T22:43:52.790Z,-18.0344,-179.3886,616.79,4.5,mb,,79,2.453,0.68,us,us20005kar,2016-06-27T23:02:30.040Z,"137 km E of Levuka, Fiji",earthquake,11.2,6.4,0.055,95,reviewed,us,us
2016-04-20T20:24:21.370Z,-16.5565,177.7422,11.82,4.6,mb,,107,1.218,1.12,us,us10005dsa,2016-06-27T23:02:29.040Z,"108 km N of Ba, Fiji",earthquake,13,5.1,0.173,10,reviewed,us,us
2016-02-29T23:52:40.770Z,-16.5418,178.0144,10,4.5,mb,,119,1.196,0.73,us,us10004ufq,2016-05-06T23:34:20.040Z,"115 km NNE of Ba, Fiji",earthquake,8.9,1.9,0.082,43,reviewed,us,us
2016-02-07T19:35:10.910Z,-16.81,176.5394,56.93,4.5,mb,,206,1.719,1.09,us,us20004yl4,2016-11-10T22:11:40.141Z,"131 km NW of Lautoka, Fiji",earthquake,15.2,14.9,0.18,9,reviewed,us,us
2016-01-22T18:56:07.730Z,-14.7662,179.7847,10,5,mb,,65,3.396,1.47,us,us10004gga,2016-11-10T22:09:31.505Z,"189 km NNE of Labasa, Fiji",earthquake,2.9,1.8,0.057,97,reviewed,us,us
2016-01-15T08:23:34.420Z,-17.3448,-179.1455,555.16,4.5,mb,,92,2.702,0.93,us,us10004etw,2016-04-06T17:30:20.040Z,"181 km ENE of Levuka, Fiji",earthquake,12.5,7.5,0.059,85,reviewed,us,us
2015-12-10T15:03:26.410Z,-17.0179,175.2794,16.25,5.1,mb,,70,2.745,0.99,us,us20004g50,2016-11-10T22:04:19.109Z,"240 km WNW of Lautoka, Fiji",earthquake,8.3,3.4,0.072,63,reviewed,us,us
2015-12-09T14:44:11.510Z,-16.751,175.1664,11.45,4.8,mb,,66,2.929,1.04,us,us20004fw3,2016-11-10T22:04:07.207Z,"261 km WNW of Lautoka, Fiji",earthquake,10.5,4.7,0.127,19,reviewed,us,us
2015-12-09T13:11:47.060Z,-16.7939,175.2612,29.05,4.6,mb,,70,2.829,1.01,us,us20004fv6,2016-03-02T03:36:41.040Z,"250 km WNW of Lautoka, Fiji",earthquake,6.7,4.9,0.181,9,reviewed,us,us
2015-12-09T12:58:01.780Z,-16.7374,175.2475,10,6.1,mww,,65,2.861,0.8,us,us20004fuz,2022-05-03T19:06:43.287Z,"253 km WNW of Lautoka, Fiji",earthquake,7.8,1.8,,,reviewed,us,us
2015-12-05T17:20:53.990Z,-16.8044,175.2275,29.61,4.7,mb,,66,2.856,1.01,us,us20004fsi,2016-03-02T03:36:33.040Z,"252 km WNW of Lautoka, Fiji",earthquake,7.3,3,0.127,20,reviewed,us,us
2015-12-02T12:12:36.830Z,-16.887,175.3095,42.54,4.7,mb,,72,2.755,1.03,us,us100042p1,2016-11-10T22:03:00.251Z,"241 km WNW of Lautoka, Fiji",earthquake,9.5,6.7,0.077,52,reviewed,us,us
2015-11-26T13:51:31.310Z,-17.653,179.8426,604.12,5.1,mb,,76,1.708,1.11,us,us100041iu,2022-05-03T17:36:25.880Z,"72 km NE of Levuka, Fiji",earthquake,10.2,6.5,0.034,282,reviewed,us,us
2015-09-14T15:19:33.430Z,-16.6811,175.9658,31.86,5,mb,,61,2.257,1.28,us,us20003jal,2016-11-10T21:52:00.280Z,"188 km WNW of Lautoka, Fiji",earthquake,8.9,4.1,0.056,102,reviewed,us,us
2015-09-08T00:03:50.510Z,-17.3319,176.4284,36.02,4.6,mb,,92,1.603,1.12,us,us20003ldg,2015-12-05T01:40:35.040Z,"113 km WNW of Lautoka, Fiji",earthquake,10.3,8.2,0.146,14,reviewed,us,us
2015-09-05T16:27:09.150Z,-17.5497,176.3706,28.38,4.6,mb,,122,1.615,0.52,us,us20003kqk,2015-12-05T01:40:29.040Z,"114 km WNW of Nadi, Fiji",earthquake,12.2,2.5,0.151,13,reviewed,us,us
2015-08-23T14:58:32.280Z,-17.5607,176.3427,37.91,4.6,mb,,77,1.64,0.91,us,us20003h97,2015-11-24T02:09:30.040Z,"117 km WNW of Nadi, Fiji",earthquake,11.8,6.4,0.095,33,reviewed,us,us
2015-08-07T18:21:02.150Z,-16.7791,177.2962,18.18,5.3,mb,,40,1.202,0.98,us,us10003090,2022-07-31T22:53:58.786Z,"92 km NNW of Ba, Fiji",earthquake,7.4,2.6,0.035,279,reviewed,us,us
2015-08-04T03:16:12.170Z,-19.2186,177.5301,31.71,4.7,mb,,82,1.547,0.65,us,us10002xsm,2024-01-17T21:09:19.269Z,"119 km S of Sigatoka, Fiji",earthquake,8.7,5.2,0.106,27,reviewed,us,us
2015-07-12T10:11:32.580Z,-16.637,177.808,30.97,4.5,mb,,109,1.126,0.66,us,us10002wuq,2015-10-09T20:19:14.040Z,"100 km N of Ba, Fiji",earthquake,10.4,4.3,0.163,11,reviewed,us,us
2015-05-30T19:24:53.790Z,-16.7542,176.5972,10,4.6,mb,,115,1.704,1.39,us,us20002nlu,2015-08-08T00:49:21.040Z,"131 km NW of Lautoka, Fiji",earthquake,10.6,1.9,0.151,13,reviewed,us,us
2015-05-13T00:19:43.710Z,-18.6881,176.1404,15.36,4.5,mb,,117,2.045,0.75,us,us10002bhs,2015-07-17T07:06:14.040Z,"166 km SW of Nadi, Fiji",earthquake,13.6,3.5,0.18,9,reviewed,us,us
2015-05-12T03:50:38.640Z,-18.6849,176.1813,35.38,4.7,mb,,117,2.009,0.66,us,us20002eiv,2015-07-17T07:06:09.040Z,"163 km SW of Nadi, Fiji",earthquake,9.9,4.3,0.133,17,reviewed,us,us
2015-05-10T05:57:55.310Z,-16.5583,177.5443,23.32,4.7,mb,,56,1.276,0.9,us,us20002e5v,2022-05-03T17:21:43.519Z,"108 km N of Ba, Fiji",earthquake,5.7,5.1,0.074,55,reviewed,us,us
2015-05-07T22:05:31.250Z,-17.7086,178.8687,565.21,4.6,mb,,67,0.778,1.02,us,us100029eg,2015-07-17T07:05:57.040Z,"61 km NW of Levuka, Fiji",earthquake,11.4,7.3,0.082,44,reviewed,us,us
2015-04-01T05:33:35.870Z,-16.3872,177.8147,25.79,4.6,mb,,112,1.369,0.94,us,us10001sp1,2015-06-12T01:53:33.040Z,"127 km N of Ba, Fiji",earthquake,9.5,5.8,0.097,32,reviewed,us,us
2015-03-28T19:16:33.120Z,-18.2822,176.7927,8,5.5,mwb,,63,1.312,0.78,us,us10001rk3,2022-07-28T05:04:50.043Z,"84 km SW of Nadi, Fiji",earthquake,6.8,1.8,0.061,26,reviewed,us,us
2015-03-08T17:38:01.880Z,-16.0681,179.9884,73.25,4.7,mb,,157,2.492,1.16,us,usc000twka,2022-05-03T17:15:28.526Z,"77 km ENE of Labasa, Fiji",earthquake,10.5,8.5,0.138,16,reviewed,us,us
2015-02-15T18:37:09.050Z,-18.1354,176.763,10,4.6,mb,,171,1.287,0.75,us,usc000trj8,2015-05-11T23:20:17.040Z,"78 km WSW of Nadi, Fiji",earthquake,17.9,2,0.165,11,reviewed,us,us
2015-02-15T17:35:58.120Z,-18.1405,176.7415,22.97,4.5,mb,,172,1.308,0.76,us,usc000trja,2015-05-11T23:20:17.040Z,"80 km WSW of Nadi, Fiji",earthquake,12.4,5.9,0.221,7,reviewed,us,us
2015-02-15T13:49:47.920Z,-18.3052,176.9198,16.24,5.4,mwb,,72,1.213,0.85,us,usb000tpiq,2022-07-27T21:13:45.867Z,"76 km SW of Nadi, Fiji",earthquake,8.5,3.5,0.06,27,reviewed,us,us
2015-01-19T15:17:07.870Z,-16.772,176.9224,10,4.7,mb,,73,1.45,0.97,us,usc000th67,2022-05-03T17:10:24.113Z,"109 km NNW of Lautoka, Fiji",earthquake,6.5,1.8,0.166,14,reviewed,us,us
2014-12-27T18:53:47.210Z,-17.9261,-179.49,621.76,5.5,mwb,,27,2.347,0.74,us,usc000taa1,2022-05-03T18:21:24.103Z,"127 km E of Levuka, Fiji",earthquake,6.1,4.1,0.069,20,reviewed,us,us
2014-12-17T20:13:56.370Z,-17.5481,-179.0012,551.71,4.7,mb,,71,2.815,0.82,us,usc000t7re,2015-03-06T02:59:00.040Z,"187 km ENE of Levuka, Fiji",earthquake,8.2,5.7,0.043,183,reviewed,us,us
2014-12-15T17:29:56.780Z,-16.6111,177.5302,18.34,4.8,mb,,97,1.233,1.08,us,usc000t700,2022-05-03T17:08:32.951Z,"103 km N of Ba, Fiji",earthquake,9.8,1.7,0.086,49,reviewed,us,us
2014-12-03T12:31:37.400Z,-15.9698,178.9669,14.34,4.9,mb,,120,1.97,0.86,us,usb000t2eu,2022-05-03T17:07:50.615Z,"66 km NW of Labasa, Fiji",earthquake,13.6,4.5,0.066,91,reviewed,us,us
2014-11-25T14:00:57.080Z,-17.7762,-179.8456,607.19,4.6,mb,,72,2.002,0.7,us,usb000szvf,2015-02-18T03:30:59.040Z,"94 km ENE of Levuka, Fiji",earthquake,10.4,6.2,0.051,121,reviewed,us,us
2014-11-24T04:17:27.490Z,-15.9746,-179.9194,8.59,4.8,mb,,114,2.62,0.96,us,usb000szfr,2022-05-03T17:06:56.657Z,"91 km ENE of Labasa, Fiji",earthquake,7.4,3.9,0.06,103,reviewed,us,us
2014-10-29T13:42:57.390Z,-17.6779,179.4857,591.94,4.6,mb,,69,1.367,0.83,us,usc000swb4,2015-01-20T09:03:00.040Z,"46 km NNE of Levuka, Fiji",earthquake,10.1,7,0.079,56,reviewed,us,us
2014-09-12T22:03:17.820Z,-16.3967,178.361,22.91,4.5,mb,,61,1.372,0.92,us,usb000sf78,2014-12-08T23:30:58.040Z,"107 km W of Labasa, Fiji",earthquake,8.2,6.1,0.136,20,reviewed,us,us
2014-08-05T00:39:59.520Z,-17.8921,176.2714,10,4.6,mb,,93,1.703,0.86,us,usb000s30b,2014-10-29T19:53:01.000Z,"121 km W of Nadi, Fiji",earthquake,,1.9,0.141,16,reviewed,us,us
2014-08-04T02:34:09.470Z,-16.3589,177.9505,25.21,4.9,mb,,111,1.381,0.51,us,usb000rzqm,2022-05-03T16:58:22.115Z,"133 km NNE of Ba, Fiji",earthquake,,4,0.053,117,reviewed,us,us
2014-07-27T08:41:59.980Z,-19.2593,176.7915,33.58,4.6,mb,,77,1.923,0.43,us,usb000s16r,2014-10-25T01:49:39.000Z,"174 km SSW of Nadi, Fiji",earthquake,,4.5,0.146,16,reviewed,us,us
2014-07-14T13:46:25.830Z,-16.6679,178.4562,43.78,4.6,mb,,175,9.814,1.43,us,usb000rwuv,2014-10-10T08:02:18.000Z,"100 km WSW of Labasa, Fiji",earthquake,,15.8,0.244,9,reviewed,us,us
2014-06-30T05:07:52.420Z,-16.4011,177.8446,10,4.6,mb,,113,1.351,0.94,us,usb000rvsa,2014-09-26T11:49:49.000Z,"126 km N of Ba, Fiji",earthquake,,1.9,0.245,5,reviewed,us,us
2014-06-08T11:08:46.950Z,-15.9491,-179.6944,6.13,4.8,mb,,121,2.8,0.57,us,usc000rcqa,2022-05-03T16:53:57.534Z,"114 km ENE of Labasa, Fiji",earthquake,,3.8,0.058,104,reviewed,us,us
2014-06-05T04:50:26.200Z,-16.1968,178.4657,17.72,4.6,mb,,131,1.589,0.68,us,usc000rmyz,2014-08-30T17:02:53.000Z,"99 km WNW of Labasa, Fiji",earthquake,,4.6,0.122,21,reviewed,us,us
2014-06-03T19:53:06.720Z,-16.6586,175.7288,14.99,5,mb,,62,2.47,0.76,us,usc000ralh,2014-08-26T01:21:11.000Z,"211 km WNW of Lautoka, Fiji",earthquake,,3.4,0.051,127,reviewed,us,us
2014-06-03T19:07:38.540Z,-17.1845,175.8259,18.12,4.6,mb,,99,2.197,1.2,us,usb000rgx5,2014-08-26T01:21:11.000Z,"179 km WNW of Lautoka, Fiji",earthquake,,4.7,0.272,4,reviewed,us,us
2014-05-15T13:03:12.730Z,-17.5327,179.0841,32.44,4.5,mb,,320,1.005,1.03,us,usc000ragh,2014-08-09T02:53:43.000Z,"64 km NNW of Levuka, Fiji",earthquake,,17.9,0.144,15,reviewed,us,us
2014-04-14T02:08:22.440Z,-18.7974,176.1162,10,5,mb,,75,2.117,1.27,us,usc000pjf8,2014-07-01T02:38:07.000Z,"176 km SW of Nadi, Fiji",earthquake,,1.1,0.057,109,reviewed,us,us
2014-03-16T11:15:23.840Z,-15.7369,-179.4873,10,4.8,mb,,121,3.088,1.42,us,usc000ndcy,2022-05-03T16:45:13.196Z,"145 km ENE of Labasa, Fiji",earthquake,,1.8,0.066,83,reviewed,us,us
2014-02-23T02:16:23.040Z,-16.0022,-179.124,56.1,4.6,mb,,122,3.21,0.8,us,usc000mwwk,2014-05-07T00:03:07.000Z,"168 km ENE of Labasa, Fiji",earthquake,,7.2,0.112,32,reviewed,us,us
2014-02-16T14:05:45.970Z,-16.9521,-179.2934,531.76,4.5,mb,,114,2.654,0.55,us,usb000myd3,2014-04-30T21:18:22.000Z,"154 km ESE of Labasa, Fiji",earthquake,,11.7,0.171,11,reviewed,us,us
2014-02-12T13:40:56.620Z,-16.6806,176.5439,10,4.8,mb,,52,1.788,1.26,us,usc000mz3u,2014-04-30T21:18:17.000Z,"141 km NW of Lautoka, Fiji",earthquake,,1.9,0.153,21,reviewed,us,us
2014-01-31T21:13:58.930Z,-16.21,178.2133,30.99,4.5,mb,,127,1.533,1.43,us,usc000meyz,2014-04-08T01:43:19.000Z,"125 km WNW of Labasa, Fiji",earthquake,,5.4,0.103,44,reviewed,us,us
2013-12-04T12:17:19.090Z,-15.7176,178.2662,41.35,4.7,mb,,121,7.205,0.74,us,usb000lcra,2014-02-15T01:32:08.000Z,"141 km NW of Labasa, Fiji",earthquake,,5.7,0.087,,reviewed,us,us
2013-11-29T15:56:12.650Z,-17.572,-179.0173,533.09,4.6,mb,,72,2.798,1.12,us,usb000lb5i,2014-02-12T01:08:37.000Z,"184 km ENE of Levuka, Fiji",earthquake,,5.2,0.111,,reviewed,us,us
2013-11-11T20:57:15.390Z,-17.5121,-179.1491,555.29,4.5,mb,,183,2.678,0.76,us,usb000kz5d,2014-01-17T00:29:16.000Z,"173 km ENE of Levuka, Fiji",earthquake,,11.3,0.271,,reviewed,us,us
2013-10-13T07:15:23.380Z,-18.952,178.9066,57.5,5.1,mb,,63,10.246,0.86,us,usb000kc60,2022-07-25T23:32:54.838Z,"102 km SSE of Suva, Fiji",earthquake,,4.6,0.042,,reviewed,us,us
2013-08-01T21:09:47.630Z,-16.1189,-179.0644,8.4,4.5,mb,,68,9.195,0.63,us,usb000j2s6,2013-09-25T17:45:50.000Z,"171 km ENE of Labasa, Fiji",earthquake,,5.2,0.14,,reviewed,us,us
2013-08-01T15:53:14.690Z,-15.8037,177.8964,26.72,4.7,mb,,188,36.652,0.46,us,usb000j2s2,2013-09-25T17:45:49.000Z,"171 km WNW of Labasa, Fiji",earthquake,,7.4,0.153,,reviewed,us,us
2013-07-17T22:15:40.320Z,-16.486,177.384,7,4.6,mb,24,130,,1.23,us,usp000k23r,2014-11-07T01:51:17.526Z,"120 km NNW of Ba, Fiji",earthquake,,5.5,,20,reviewed,us,us
2013-05-25T16:00:12.480Z,-16.477,177.976,35,4.7,mb,18,125.1,,1.13,us,usp000k0yn,2014-11-07T01:50:54.256Z,"121 km NNE of Ba, Fiji",earthquake,,,,13,reviewed,us,us
2013-04-22T07:47:27.610Z,-16.796,176.29,10,4.7,mb,65,118.9,,0.99,us,usb000gde6,2014-11-07T01:50:37.649Z,"153 km NW of Lautoka, Fiji",earthquake,,,,50,reviewed,us,us
2013-04-11T15:28:28.790Z,-17.34,175.059,21.4,5.7,mww,267,49,,1.07,us,usb000g4z6,2022-05-03T16:14:01.752Z,"255 km WNW of Nadi, Fiji",earthquake,,4.1,,,reviewed,us,us
2013-04-11T10:06:58.460Z,-16.963,-179.235,529.3,4.5,mb,61,75,,0.79,us,usb000g4ug,2014-11-07T01:50:32.851Z,"160 km ESE of Labasa, Fiji",earthquake,,8,,36,reviewed,us,us
2013-03-12T13:48:13.250Z,-16.077,-179.968,10,4.7,mb,23,93.2,,1.14,us,us2013mrai,2014-11-07T01:50:19.836Z,"81 km ENE of Labasa, Fiji",earthquake,,,,9,reviewed,us,us
2013-02-19T23:49:09.260Z,-15.332,-179.486,22.3,4.6,mb,61,121.9,,0.78,us,usp000jzf1,2014-11-07T01:50:09.936Z,"173 km NE of Labasa, Fiji",earthquake,,24.1,,27,reviewed,us,us
2013-01-24T02:17:09.160Z,-16.505,177.442,35,5.1,mb,116,115.7,,1.15,us,usp000jys1,2022-05-03T16:04:03.588Z,"116 km NNW of Ba, Fiji",earthquake,,,,135,reviewed,us,us
2013-01-10T21:57:21.590Z,-16.643,175.231,85.9,5,mb,206,108.2,,0.97,us,usp000jy75,2014-11-07T01:49:48.800Z,"259 km WNW of Lautoka, Fiji",earthquake,,13.3,,133,reviewed,us,us
2012-12-21T18:33:34.590Z,-16.686,176.331,55.3,4.9,mb,36,81.7,,1.13,us,usp000jx82,2014-11-07T01:49:38.361Z,"157 km NW of Lautoka, Fiji",earthquake,,22.2,,16,reviewed,us,us
2012-09-23T06:40:57.740Z,-16.93,175.174,39.1,5.3,mb,186,46.5,,0.89,us,usp000jss5,2014-11-07T01:48:54.115Z,"253 km WNW of Lautoka, Fiji",earthquake,,7.1,,122,reviewed,us,us
2012-09-13T02:00:30.840Z,-18.659,175.846,10,4.7,mb,49,93.3,,1.03,us,usp000js8c,2014-11-07T01:48:51.137Z,"191 km WSW of Nadi, Fiji",earthquake,,,,13,reviewed,us,us
2012-09-13T01:56:34.760Z,-18.68,175.906,10,4.9,mb,47,75.7,,1,us,usp000js8b,2014-11-07T01:48:51.133Z,"186 km WSW of Nadi, Fiji",earthquake,,,,12,reviewed,us,us
2012-09-13T01:54:52.640Z,-18.627,175.845,10,5.5,mwc,358,40.9,,0.94,us,usp000js8a,2022-05-03T15:50:04.668Z,"189 km WSW of Nadi, Fiji",earthquake,,,,,reviewed,us,gcmt
2012-09-06T01:48:53.130Z,-15.706,179.095,10,4.9,mb,108,116.1,,0.88,us,usp000jrty,2014-11-07T01:48:47.836Z,"85 km NNW of Labasa, Fiji",earthquake,,,,95,reviewed,us,us
2012-08-10T01:36:25.970Z,-15.526,178.87,35,4.7,mb,25,125.5,,0.98,us,usp000jq43,2014-11-07T01:48:32.622Z,"113 km NNW of Labasa, Fiji",earthquake,,,,10,reviewed,us,us
2012-08-08T12:08:19.430Z,-16.014,177.928,10,4.9,mb,140,82.4,,0.78,us,usp000jq1w,2014-11-07T01:48:32.011Z,"160 km WNW of Labasa, Fiji",earthquake,,,,113,reviewed,us,us
2012-08-08T10:57:44.300Z,-16.02,178.062,13,5.9,mww,349,30.9,,0.96,us,usp000jq1s,2022-05-03T15:45:37.163Z,"146 km WNW of Labasa, Fiji",earthquake,,,,,reviewed,us,us
2012-05-23T19:58:18.610Z,-16.22,179.493,40.1,4.8,mb,17,134.3,,0.83,us,usp000jku8,2014-11-07T01:47:51.769Z,"27 km NNE of Labasa, Fiji",earthquake,,21.6,,3,reviewed,us,us
2012-05-13T22:46:14.720Z,-16.233,-179.638,35,4.7,mb,74,115.4,,1.03,us,usp000jkda,2022-05-03T15:39:53.087Z,"108 km ENE of Labasa, Fiji",earthquake,,,,60,reviewed,us,us
2012-04-21T23:27:35.200Z,-17.566,-179.004,519.9,4.5,mb,198,116.6,,0.92,us,usp000jjcr,2014-11-07T01:47:35.725Z,"186 km ENE of Levuka, Fiji",earthquake,,5.8,,133,reviewed,us,us
2012-04-13T18:51:03.870Z,-16.488,177.65,35,4.7,mb,24,112.3,,1.32,us,usp000jhw5,2014-11-07T01:47:30.962Z,"115 km N of Ba, Fiji",earthquake,,,,11,reviewed,us,us
2012-04-04T22:41:23.990Z,-16.358,177.858,35,4.8,mb,77,108.1,,0.9,us,usp000jh8s,2015-03-24T02:37:42.640Z,"131 km N of Ba, Fiji",earthquake,,,,46,reviewed,us,us
2012-03-30T06:18:30.600Z,-15.468,179.916,35.3,4.7,mb,29,135.6,,1.12,us,usp000jgze,2022-05-03T15:37:40.259Z,"122 km NNE of Labasa, Fiji",earthquake,,23.2,,13,reviewed,us,us
2012-03-25T11:27:16.880Z,-16.479,177.876,35,4.7,mb,92,113.5,,0.89,us,usp000jgrs,2014-11-07T01:47:18.919Z,"118 km N of Ba, Fiji",earthquake,,,,41,reviewed,us,us
2012-03-23T18:25:54.170Z,-16.557,177.113,35,4.5,mb,11,83.6,,0.52,us,usp000jgpd,2014-11-07T01:47:18.244Z,"122 km NNW of Lautoka, Fiji",earthquake,,,,3,reviewed,us,us
2012-02-25T21:06:04.690Z,-18.08,-179.285,614.7,4.7,mb,133,54.2,,0.94,us,usp000jfcj,2014-11-07T01:47:04.353Z,"148 km E of Levuka, Fiji",earthquake,,8.6,,81,reviewed,us,us
2012-02-07T13:43:08.640Z,-18.497,176.131,76.9,4.6,mb,29,115.8,,0.79,us,usp000jen2,2014-11-07T01:46:58.988Z,"156 km WSW of Nadi, Fiji",earthquake,,17.6,,6,reviewed,us,us
2012-02-01T22:47:31.130Z,-18.388,176.235,10,4.6,mb,21,118.6,,0.9,us,usp000je95,2014-11-07T01:46:55.589Z,"140 km WSW of Nadi, Fiji",earthquake,,,,2,reviewed,us,us
2011-12-27T15:49:13.060Z,-18.514,-179.522,652.1,4.5,mb,103,120.5,,0.84,us,usp000jcq3,2014-11-07T01:46:38.040Z,"132 km ESE of Levuka, Fiji",earthquake,,5.7,,75,reviewed,us,us
2011-12-09T12:48:00.020Z,-15.107,-179.156,419.9,4.5,mb,46,122,,1.05,us,usp000jc02,2014-11-07T01:46:32.426Z,"140 km SW of Leava, Wallis and Futuna",earthquake,,12.5,,15,reviewed,us,us
2011-11-26T06:16:07.680Z,-18.695,176.324,26,5,mb,44,61,,1.26,us,usp000jbds,2014-11-07T01:46:24.855Z,"151 km SW of Nadi, Fiji",earthquake,,23.1,,21,reviewed,us,us
2011-11-22T15:30:21.730Z,-17.05,-179.272,545.7,4.5,mb,165,120.2,,0.82,us,usp000jb92,2014-11-07T01:46:23.791Z,"160 km ESE of Labasa, Fiji",earthquake,,5.1,,88,reviewed,us,us
2011-10-27T00:15:24.520Z,-17.941,-179.531,602.9,6,mww,465,18.9,,0.86,us,usp000j9yn,2022-04-08T22:09:33.536Z,"122 km E of Levuka, Fiji",earthquake,,,,,reviewed,us,us
2011-09-23T09:44:10.880Z,-19.195,175.636,62.6,5,mwc,144,59,,0.91,us,usp000j8f0,2014-11-07T01:45:56.701Z,"243 km SW of Nadi, Fiji",earthquake,,9.9,,,reviewed,us,gcmt
2011-09-17T03:47:29.940Z,-17.851,178.062,539.9,4.5,mb,62,77,,0.93,us,usp000j863,2014-11-07T01:45:54.656Z,"51 km NW of Suva, Fiji",earthquake,,11.3,,25,reviewed,us,us
2011-09-11T23:57:17.380Z,-17.183,176.244,35,4.5,mb,12,162.5,,1.03,us,usp000j7xt,2014-11-07T01:45:52.940Z,"136 km WNW of Lautoka, Fiji",earthquake,,,,4,reviewed,us,us
2011-09-08T08:58:49.330Z,-16.363,177.853,35,5.2,mwc,91,113.3,,0.81,us,usp000j7sh,2022-04-08T22:04:05.155Z,"131 km N of Ba, Fiji",earthquake,,,,,reviewed,us,gcmt
2011-08-27T09:42:19.560Z,-17.37,176.014,35,5.2,mwc,144,76.7,,1.01,us,usp000j740,2014-11-07T01:45:43.830Z,"154 km W of Lautoka, Fiji",earthquake,,,,,reviewed,us,gcmt
2011-08-24T22:16:46.370Z,-16.38,178.042,35,4.9,mb,65,120.9,,0.96,us,usp000j6zk,2014-11-07T01:45:42.029Z,"Fiji",earthquake,,,,35,reviewed,us,us
2011-08-20T10:27:17.320Z,-15.878,-179.451,10,5.5,mwc,122,48.3,,0.91,us,usp000j6qq,2022-04-08T21:59:46.842Z,"140 km ENE of Labasa, Fiji",earthquake,,,,,reviewed,us,gcmt
2011-08-04T07:04:27.960Z,-15.874,-179.222,10,4.6,mb,29,104.2,,0.62,us,usp000j5ye,2014-11-07T01:45:33.723Z,"163 km ENE of Labasa, Fiji",earthquake,,,,8,reviewed,us,us
2011-07-16T00:00:12.940Z,-15.814,175.312,10,4.5,mb,13,136.2,,0.73,us,usp000j4zx,2014-11-07T01:45:22.450Z,"Fiji region",earthquake,,0,,6,reviewed,us,us
2011-07-15T17:11:29.910Z,-18.296,175.819,10,4.9,mb,24,105.3,,1.06,us,usp000j4z7,2014-11-07T01:45:22.340Z,"177 km WSW of Nadi, Fiji",earthquake,,,,10,reviewed,us,us
2011-07-09T02:11:12.100Z,-16.59,177.836,35,5,mwc,32,110.9,,0.97,us,usp000j4e2,2022-04-08T21:55:30.137Z,"105 km N of Ba, Fiji",earthquake,,,,,reviewed,us,gcmt
2011-07-08T23:31:24.670Z,-17.497,-179.063,530.1,4.9,mb,198,52.5,,0.84,us,usp000j4dq,2014-11-07T01:45:18.751Z,"183 km ENE of Levuka, Fiji",earthquake,,5.8,,30,reviewed,us,us
2011-04-23T21:09:10.920Z,-16.388,-179.531,508.7,5.4,mwc,352,72.6,,1.14,us,usp000j0fs,2014-11-07T01:44:37.084Z,"118 km E of Labasa, Fiji",earthquake,,,,,reviewed,us,gcmt
2011-04-13T12:51:24.170Z,-17.664,176.283,35,5.2,mwc,56,85.5,,1.12,us,usp000hzve,2014-11-07T01:44:32.503Z,"121 km W of Nadi, Fiji",earthquake,,,,,reviewed,us,gcmt
2011-03-26T22:49:40.820Z,-15.848,-179.405,6,6,mww,382,45,,1.17,us,usp000hypf,2022-07-19T10:25:31.134Z,"146 km ENE of Labasa, Fiji",earthquake,,,,,reviewed,us,us
2010-10-31T23:14:44.210Z,-17.071,-179.351,540.7,4.6,mb,137,66.3,,0.97,us,usp000hnv6,2014-11-07T01:42:47.389Z,"154 km ESE of Labasa, Fiji",earthquake,,7.1,,81,reviewed,us,us
2010-09-22T06:53:59.110Z,-16.181,179.894,475.6,4.5,mb,77,103.7,,1.01,us,usp000hm1x,2014-11-07T01:42:30.052Z,"63 km ENE of Labasa, Fiji",earthquake,,6.1,,29,reviewed,us,us
2010-09-07T16:13:32.060Z,-15.879,-179.306,9,6.3,mwc,257,49.3,,1.32,us,usp000hkdh,2022-07-18T19:48:59.948Z,"154 km ENE of Labasa, Fiji",earthquake,,,,,reviewed,us,us
2010-08-26T13:09:27.080Z,-17.775,-179.652,590.9,4.6,mb,115,32.7,,0.83,us,usp000hjsx,2014-11-07T01:42:18.028Z,"113 km ENE of Levuka, Fiji",earthquake,,6.8,,69,reviewed,us,us
2010-07-29T05:30:11.510Z,-17.838,179.508,35,5.2,mwc,33,121.7,,0.87,us,usp000hh38,2022-05-02T22:05:43.036Z,"32 km NE of Levuka, Fiji",earthquake,,,,,reviewed,us,gcmt
2010-05-15T00:08:43.530Z,-16.689,177.283,10.3,5.1,mwc,102,85.8,,0.89,us,usp000hcs0,2022-07-16T13:36:42.926Z,"102 km NNW of Ba, Fiji",earthquake,,27.8,,,reviewed,us,gcmt
2010-04-26T22:28:39.100Z,-17.149,-179.151,572.2,4.6,mb,135,106.7,,0.66,us,usp000hby1,2014-11-07T01:41:19.484Z,"176 km ESE of Labasa, Fiji",earthquake,,5.8,,65,reviewed,us,us
2010-03-14T00:21:02.700Z,-16.699,177.3,10,4.6,mb,16,119.6,,0.94,us,usp000h9bn,2014-11-07T01:40:59.886Z,"100 km NNW of Ba, Fiji",earthquake,,,,3,reviewed,us,us
2010-03-05T02:44:05.610Z,-16.708,176.417,35,5.3,mwc,46,71.2,,1.24,us,usp000h8qx,2022-05-02T21:48:07.115Z,"149 km NW of Lautoka, Fiji",earthquake,,,,,reviewed,us,gcmt
2009-12-11T09:17:52.000Z,-16.75,177.25,10,4.9,mwc,,,,,gcmt,gcmtc200912110917a,2016-11-10T02:21:29.618Z,"97 km NNW of Ba, Fiji",earthquake,,,,,automatic,gcmt,gcmt
2009-11-09T19:30:10.430Z,-17.662,179.907,604.4,4.7,mb,22,172.3,,1.04,us,usp000h3x3,2014-11-07T01:40:05.711Z,"76 km NE of Levuka, Fiji",earthquake,,9.8,,13,reviewed,us,us
2009-11-09T13:55:22.720Z,-17.212,178.402,587.9,4.5,mb,70,120.9,,0.7,us,usp000h3wx,2014-11-07T01:40:05.647Z,"85 km ENE of Ba, Fiji",earthquake,,6,,30,reviewed,us,us
2009-11-09T13:19:54.570Z,-17.328,178.565,607.3,4.9,mb,110,36.7,,0.91,us,usp000h3ww,2014-11-07T01:40:05.637Z,"90 km N of Suva, Fiji",earthquake,,,,54,reviewed,us,us
2009-11-09T10:44:55.110Z,-17.239,178.331,595,7.3,mwc,430,15,,0.87,us,usp000h3wn,2022-05-02T21:25:58.001Z,"77 km ENE of Ba, Fiji",earthquake,,,,,reviewed,us,gcmt
2009-08-16T22:03:09.240Z,-17.936,-179.399,626.5,5.5,mwb,232,35.8,,0.75,us,usp000h0gf,2022-05-02T22:32:39.467Z,"136 km E of Levuka, Fiji",earthquake,,4.5,,,reviewed,us,us
2009-08-10T02:06:45.130Z,-16.534,177.524,35,4.9,mwc,21,98.3,,1.07,us,usp000h053,2016-11-10T02:15:52.381Z,"111 km N of Ba, Fiji",earthquake,,,,,reviewed,us,gcmt
2009-06-30T23:52:57.860Z,-19.185,-179.35,680.5,4.8,mb,211,53.3,,0.86,us,usp000gyt9,2014-11-07T01:39:12.746Z,"187 km SE of Levuka, Fiji",earthquake,,4.9,,50,reviewed,us,us
2009-06-24T13:36:21.510Z,-16.294,178.377,35,5,mwc,65,120.9,,0.72,us,usp000gyjb,2016-11-10T02:13:49.388Z,"106 km W of Labasa, Fiji",earthquake,,,,,reviewed,us,gcmt
2009-05-31T16:14:30.760Z,-16.21,178.282,22.5,5,mwc,89,120.9,,0.68,us,usp000gxr2,2022-05-02T20:28:02.035Z,"118 km WNW of Labasa, Fiji",earthquake,,,,,reviewed,us,gcmt
2009-05-20T11:11:35.110Z,-19.063,177.484,35,5,mwc,22,121.1,,1.2,us,usp000gxbc,2016-11-10T02:12:10.548Z,"139 km S of Nadi, Fiji",earthquake,,,,,reviewed,us,gcmt
2009-03-05T19:33:14.880Z,-17.512,-179.056,532.2,5.9,mwc,247,28.2,,0.82,us,usp000gunt,2022-05-02T22:11:06.321Z,"183 km ENE of Levuka, Fiji",earthquake,,,,,reviewed,us,gcmt
2009-02-28T21:18:53.310Z,-16.764,177.171,35,5.1,mwc,36,80,,1.14,us,usp000gugc,2022-05-02T20:12:26.636Z,"98 km NNW of Lautoka, Fiji",earthquake,,,,,reviewed,us,gcmt
2009-02-11T13:52:41.980Z,-16.221,178.329,10,5.7,mwc,167,57.7,,1.17,us,usp000gtn8,2022-05-02T21:29:49.950Z,"113 km WNW of Labasa, Fiji",earthquake,,,,,reviewed,us,us
2009-02-03T16:16:01.160Z,-16.375,178.236,35,4.9,mwc,9,134.6,,1.18,us,usp000gte6,2016-11-10T02:07:26.701Z,"120 km W of Labasa, Fiji",earthquake,,,,,reviewed,us,gcmt
2009-01-27T00:54:58.440Z,-17.687,176.004,35,5.3,mwc,36,118.1,,1.05,us,usp000gt56,2016-11-10T02:07:13.472Z,"150 km W of Nadi, Fiji",earthquake,,,,,reviewed,us,gcmt
2009-01-04T07:16:39.410Z,-17.969,-179.811,639.2,4.7,mb,27,136.7,,0.77,us,usp000gs52,2014-11-07T01:38:09.926Z,"93 km E of Levuka, Fiji",earthquake,,8.3,,3,reviewed,us,us
2008-12-25T00:10:47.770Z,-18.339,176.779,10,5.5,mwc,192,43.2,,0.93,us,usp000grdn,2022-05-02T19:57:57.173Z,"89 km SW of Nadi, Fiji",earthquake,,,,,reviewed,us,us
2008-12-21T13:21:46.950Z,-16.264,178.181,10,5.1,mb,66,102.3,,0.73,us,usp000gr41,2014-11-07T01:38:00.900Z,"127 km W of Labasa, Fiji",earthquake,,,,39,reviewed,us,us
2008-12-21T04:07:51.050Z,-16.202,178.179,10,4.5,mb,18,121.3,,1.09,us,usp000gr2x,2014-11-07T01:38:00.734Z,"129 km WNW of Labasa, Fiji",earthquake,,,,7,reviewed,us,us
2008-11-20T17:59:02.290Z,-15.876,-179.599,35,5.1,mwc,25,120.9,,1.35,us,usp000gp42,2022-05-02T20:13:09.604Z,"126 km ENE of Labasa, Fiji",earthquake,,,,,reviewed,us,gcmt
2008-10-27T23:23:45.000Z,-17.15,177.89,66.3,5.3,mwc,,,,,gcmt,gcmtc200810272323a,2016-11-10T02:03:15.826Z,"48 km NNE of Ba, Fiji",earthquake,,,,,automatic,gcmt,gcmt
2008-10-27T23:23:34.370Z,-16.793,176.597,10,5.3,mwc,48,64.9,,1.44,us,usp000gm5z,2022-05-02T19:46:34.799Z,"128 km NW of Lautoka, Fiji",earthquake,,,,,reviewed,us,gcmt
2008-09-08T19:51:44.670Z,-17.578,179.61,606.2,5.2,mb,145,76.2,,0.78,us,usp000ggp7,2014-11-07T01:37:09.400Z,"62 km NNE of Levuka, Fiji",earthquake,,5.4,,86,reviewed,us,us
2008-08-02T15:34:22.760Z,-16.314,178.163,10,5.5,mwc,120,51.1,,1.05,us,usp000gdp1,2022-05-02T19:43:41.504Z,"129 km W of Labasa, Fiji",earthquake,,,,,reviewed,us,us
2008-07-25T05:01:30.250Z,-18.094,-179.026,635.6,4.5,mb,99,77.2,,0.86,us,usp000gd3n,2014-11-07T01:36:42.864Z,"175 km E of Levuka, Fiji",earthquake,,7.7,,58,reviewed,us,us
2008-06-18T05:37:25.010Z,-16.143,179.243,40.7,4.6,mb,15,99,,0.69,us,usp000g9yr,2014-11-07T01:36:22.724Z,"34 km NNW of Labasa, Fiji",earthquake,,16.6,,5,reviewed,us,us
2008-06-15T01:13:11.930Z,-17.735,-179.733,611.4,5.9,mwb,321,29,,0.87,us,usp000g9p3,2022-05-02T20:06:10.558Z,"107 km ENE of Levuka, Fiji",earthquake,,,,,reviewed,us,us
2008-05-14T18:56:03.220Z,-17.895,-179.539,671,4.6,mb,21,99.1,,0.61,us,usp000g6rt,2014-11-07T01:36:00.397Z,"122 km E of Levuka, Fiji",earthquake,,26.9,,2,reviewed,us,us
2008-05-09T05:12:27.780Z,-16.622,-179.101,366,4.5,mb,10,173.5,,1.3,us,usp000g5wx,2014-11-07T01:35:54.371Z,"165 km E of Labasa, Fiji",earthquake,,28.5,,2,reviewed,us,us
2008-04-30T11:28:11.660Z,-17.386,175.871,19.7,4.9,mwc,79,101.7,,0.98,us,usp000g562,2016-11-10T01:55:27.545Z,"169 km W of Lautoka, Fiji",earthquake,,,,,reviewed,us,gcmt
2008-04-18T20:39:07.140Z,-17.342,-179.022,553.8,6.3,mwc,533,20.9,,0.9,us,usp000g48y,2022-05-02T20:44:21.204Z,"193 km ENE of Levuka, Fiji",earthquake,,,,,reviewed,us,us
2008-04-11T23:54:45.400Z,-16.244,177.908,22.7,4.7,mb,58,75.9,,0.64,us,usp000g3q7,2014-11-07T01:35:36.020Z,"144 km N of Ba, Fiji",earthquake,,,,37,reviewed,us,us
2008-03-07T09:40:10.670Z,-17.025,175.736,10,5,mwc,14,130.7,,0.79,us,usp000g0ws,2016-11-10T01:52:48.150Z,"193 km WNW of Lautoka, Fiji",earthquake,,,,,reviewed,us,gcmt
2008-02-11T16:36:59.630Z,-16.086,177.35,35,5.2,mwc,39,176.8,,1.59,us,usp000fypb,2022-05-02T19:36:58.951Z,"163 km NNW of Ba, Fiji",earthquake,,,,,reviewed,us,gcmt
2008-01-31T01:52:57.670Z,-15.549,-179.64,35,5,mwc,13,126.3,,0.52,us,usp000fxu9,2016-11-10T01:51:18.681Z,"144 km NE of Labasa, Fiji",earthquake,,,,,reviewed,us,gcmt
2008-01-30T23:47:47.380Z,-15.478,-179.655,35,5.3,mwc,32,76.8,,0.72,us,usp000fxtx,2022-05-02T20:58:53.035Z,"148 km NE of Labasa, Fiji",earthquake,,,,,reviewed,us,gcmt
2008-01-24T02:50:03.480Z,-15.587,179.84,35,5.3,mwc,46,127.3,,1.29,us,usp000fxaw,2022-05-02T20:58:34.292Z,"106 km NNE of Labasa, Fiji",earthquake,,,,,reviewed,us,gcmt
2008-01-09T14:00:18.540Z,-16.486,177.913,25,5,mwc,13,121.2,,1.46,us,usp000fwb7,2016-11-10T01:50:30.248Z,"118 km NNE of Ba, Fiji",earthquake,,0,,,reviewed,us,gcmt
2007-11-30T21:31:05.430Z,-17.402,179.042,596.4,4.8,mb,146,93.2,,0.73,us,usp000ftm8,2014-11-07T01:34:16.350Z,"79 km NNW of Levuka, Fiji",earthquake,,6.2,,67,reviewed,us,us
2007-11-29T12:25:10.120Z,-16.11,-179.81,450.2,4.5,mb,50,85.5,,0.71,us,usp000fthj,2014-11-07T01:34:15.980Z,"95 km ENE of Labasa, Fiji",earthquake,,7.9,,31,reviewed,us,us
2007-09-18T18:34:20.850Z,-16.469,178.382,10,5.1,mwc,20,124,,1.29,us,usp000fnmc,2016-11-10T01:45:36.477Z,"104 km W of Labasa, Fiji",earthquake,,,,,reviewed,us,gcmt
2007-09-18T06:10:59.440Z,-15.421,179.888,37.7,5.5,mwc,145,62.4,,1.33,us,usp000fnk3,2022-05-02T20:35:32.137Z,"125 km NNE of Labasa, Fiji",earthquake,,,,,reviewed,us,gcmt
2007-08-07T23:11:47.980Z,-16.233,177.924,35,4.5,mb,11,138.4,,0.67,us,usp000fj4g,2014-11-07T01:33:13.026Z,"146 km N of Ba, Fiji",earthquake,,,,3,reviewed,us,us
2007-06-27T01:37:05.470Z,-16.397,177.979,35,4.6,mb,35,121.2,,0.85,us,usp000fexw,2014-11-07T01:32:46.306Z,"129 km NNE of Ba, Fiji",earthquake,,,,18,reviewed,us,us
2007-05-07T00:24:47.900Z,-19.251,-179.362,682.2,5.6,mwc,351,26.2,,0.83,us,usp000fbe1,2022-05-02T20:16:21.808Z,"191 km SE of Levuka, Fiji",earthquake,,4.9,,,reviewed,us,gcmt
2007-05-06T22:20:14.000Z,-19.158,-179.277,591.6,4.6,mb,108,73.6,,1.22,us,usp000fbds,2014-11-07T01:32:25.247Z,"191 km SE of Levuka, Fiji",earthquake,,14.9,,36,reviewed,us,us
2007-03-31T04:07:09.020Z,-19.043,175.799,84.2,4.6,mb,87,120.1,,0.74,us,usp000f7yj,2014-11-07T01:31:58.325Z,"219 km SW of Nadi, Fiji",earthquake,,11.9,,23,reviewed,us,us
2007-03-30T15:58:44.130Z,-14.624,177.766,10,5.7,mwc,219,51.2,,0.92,us,usp000f7vw,2022-05-02T20:05:30.692Z,"263 km NW of Labasa, Fiji",earthquake,,,,,reviewed,us,gcmt
2007-03-22T10:41:12.000Z,-16.5,177.5,10,4.9,mwc,,,,,gcmt,gcmtc200703221041a,2016-11-10T01:37:09.774Z,"115 km N of Ba, Fiji",earthquake,,,,,automatic,gcmt,gcmt
2007-01-28T08:12:31.100Z,-17.75,179.872,567.6,5.6,mwc,144,66.9,,0.87,us,usp000f3tf,2022-05-02T19:36:10.291Z,"68 km ENE of Levuka, Fiji",earthquake,,8.7,,,reviewed,us,gcmt
2007-01-25T13:52:44.900Z,-16.516,176.628,30,5,mwc,15,100.4,,1.39,us,usp000f3jq,2016-11-10T01:34:30.356Z,"150 km NW of Lautoka, Fiji",earthquake,,0,,,reviewed,us,gcmt
2007-01-22T21:40:16.000Z,-17.75,176.25,10,4.9,mwc,,,,,gcmt,gcmtc200701222140a,2016-11-10T01:34:16.163Z,"123 km W of Nadi, Fiji",earthquake,,,,,automatic,gcmt,gcmt
2007-01-08T06:03:48.260Z,-16.592,176.38,47,5.1,mwc,16,119.1,,1.06,us,usp000f1yj,2016-11-10T01:33:15.402Z,"160 km NW of Lautoka, Fiji",earthquake,,25.2,,,reviewed,us,gcmt
2007-01-05T08:24:15.210Z,-16.401,177.359,25,4.9,mb,7,135.2,,0.41,us,usp000f1rb,2014-11-07T01:31:18.715Z,"129 km NNW of Ba, Fiji",earthquake,,0,,1,reviewed,us,us
2006-11-19T17:35:42.800Z,-18.752,175.964,35,5.1,mwc,68,117.9,,0.88,us,usp000ey9a,2016-11-10T01:31:24.405Z,"186 km SW of Nadi, Fiji",earthquake,,,,,reviewed,us,gcmt
2006-09-20T01:46:46.060Z,-16.925,178.316,35,4.6,mb,8,266.7,,0.55,us,usp000etev,2014-11-07T01:30:15.338Z,"95 km NE of Ba, Fiji",earthquake,,,,2,reviewed,us,us
2006-07-05T00:55:26.310Z,-17.766,178.506,35,4.5,mb,9,169.3,,0.42,us,usp000emxc,2014-11-07T01:29:35.408Z,"42 km N of Suva, Fiji",earthquake,,,,4,reviewed,us,us
2006-06-24T16:42:13.830Z,-17.115,179.21,100,4.6,mb,10,168.4,,0.9,us,usp000em5k,2014-11-07T01:29:26.970Z,"77 km SSW of Labasa, Fiji",earthquake,,,,6,reviewed,us,us
2006-06-23T19:00:34.430Z,-16.585,176.123,30,5.2,mwc,14,134,,1.12,us,usp000em3f,2016-11-10T01:24:24.421Z,"181 km NW of Lautoka, Fiji",earthquake,,0,,,reviewed,us,hrv
2006-06-06T02:52:54.660Z,-17.948,-179.188,544.8,4.8,mb,54,174.7,,1.34,us,usp000ejt0,2014-11-07T01:29:19.745Z,"158 km E of Levuka, Fiji",earthquake,,,,17,reviewed,us,us
2006-05-27T13:16:46.320Z,-16.596,176.17,42,5,mwc,19,133.9,,1.32,us,usp000ej2w,2016-11-10T01:22:55.995Z,"177 km NW of Lautoka, Fiji",earthquake,,6.6,,,reviewed,us,hrv
2006-05-07T19:33:53.470Z,-17.448,175.285,35,4.8,mb,12,129.5,,1.4,us,usp000eghg,2014-11-07T01:29:04.216Z,"229 km W of Nadi, Fiji",earthquake,,,,2,reviewed,us,us
2006-04-30T07:03:30.070Z,-15.807,-179.217,10,5.1,mwc,20,162.4,,1.02,us,usp000eftm,2016-11-10T01:21:22.993Z,"166 km ENE of Labasa, Fiji",earthquake,,,,,reviewed,us,hrv
2006-04-07T08:46:19.400Z,-16.807,176.741,75.6,4.6,mb,14,137.7,,0.7,us,usp000edwc,2014-11-07T01:28:44.194Z,"117 km NW of Lautoka, Fiji",earthquake,,21.1,,2,reviewed,us,us
2006-04-07T08:30:44.630Z,-16.527,176.989,14,6.5,mwc,247,25.5,,1.15,us,usp000edw9,2022-07-14T11:57:22.488Z,"130 km NNW of Lautoka, Fiji",earthquake,,,,,reviewed,us,hrv
2006-03-27T21:08:47.460Z,-16.209,177.823,10,4.8,mb,28,128.8,,0.95,us,usp000ed34,2014-11-07T01:28:36.224Z,"147 km N of Ba, Fiji",earthquake,,,,10,reviewed,us,us
2006-02-28T12:17:50.920Z,-17.935,-179.481,609.8,4.6,mb,91,40.4,,0.93,us,usp000eb1m,2014-11-07T01:28:22.899Z,"128 km E of Levuka, Fiji",earthquake,,6.9,,27,reviewed,us,us
2006-02-24T16:14:16.620Z,-17.942,-179.434,606.3,4.5,mb,23,117.5,,0.7,us,usp000eas3,2014-11-07T01:28:21.632Z,"133 km E of Levuka, Fiji",earthquake,,12.5,,12,reviewed,us,us
2006-02-24T14:15:45.210Z,-17.995,-179.59,622.4,6.1,mwc,387,21.8,,0.9,us,usp000eart,2022-05-02T18:13:10.940Z,"116 km E of Levuka, Fiji",earthquake,,,,,reviewed,us,hrv
2006-01-23T04:39:15.190Z,-16.247,176.475,35,4.6,mb,15,163.8,,1.1,us,usp000e8qb,2014-11-07T01:28:08.468Z,"183 km NW of Lautoka, Fiji",earthquake,,,,4,reviewed,us,us
2006-01-11T23:24:37.670Z,-19.115,177.494,35,4.5,mb,15,119,,0.88,us,usp000e82e,2014-11-07T01:28:05.857Z,"145 km S of Nadi, Fiji",earthquake,,,,3,reviewed,us,us
2005-12-25T00:04:47.480Z,-16.272,177.867,11.7,4.8,mb,58,100.1,,0.79,us,usp000e6tc,2014-11-07T01:27:56.408Z,"141 km N of Ba, Fiji",earthquake,,20.9,,14,reviewed,us,us
2005-12-21T17:08:41.720Z,-16.062,-179.794,465.4,4.5,mb,37,110.8,,0.81,us,usp000e6jn,2014-11-07T01:27:55.551Z,"98 km ENE of Labasa, Fiji",earthquake,,10.8,,2,reviewed,us,us
2005-10-19T03:42:32.550Z,-15.99,178.195,10,4.8,mb,19,118.7,,0.9,us,usp000e277,2014-11-07T01:27:26.576Z,"134 km WNW of Labasa, Fiji",earthquake,,,,5,reviewed,us,us
2005-07-03T03:00:12.740Z,-16.428,175.734,20,4.5,mb,12,120.6,,1.09,us,usp000dudf,2014-11-07T01:26:24.009Z,"225 km NW of Lautoka, Fiji",earthquake,,,,1,reviewed,us,us
2005-06-29T14:12:16.830Z,-17.788,178.321,524.6,4.8,mb,21,108.1,,0.89,us,usp000du58,2014-11-07T01:26:18.383Z,"41 km NNW of Suva, Fiji",earthquake,,14,,1,reviewed,us,us
2005-06-29T14:11:27.180Z,-17.864,178.153,525.8,4.7,mb,85,108.1,,0.94,us,usp000du57,2014-11-07T01:26:18.373Z,"43 km NW of Suva, Fiji",earthquake,,9,,21,reviewed,us,us
2005-06-22T04:44:47.890Z,-17.454,-178.993,522.2,4.5,mb,21,120.6,,0.71,us,usp000dtne,2014-11-07T01:26:16.215Z,"191 km ENE of Levuka, Fiji",earthquake,,10.7,,8,reviewed,us,us
2005-04-30T08:52:14.440Z,-17.157,176.571,10,4.8,mb,17,164,,1.03,us,usp000dpka,2014-11-07T01:25:42.572Z,"106 km WNW of Lautoka, Fiji",earthquake,,,,1,reviewed,us,us
2005-03-31T15:29:22.720Z,-18.46,175.912,17.2,4.7,mb,35,58.8,,1.01,us,usp000dktn,2014-11-07T01:25:22.923Z,"174 km WSW of Nadi, Fiji",earthquake,,49.6,,9,reviewed,us,us
2005-03-31T14:51:43.860Z,-18.77,175.755,35,4.9,mb,11,79.9,,1.15,us,usp000dktg,2014-11-07T01:25:22.915Z,"205 km WSW of Nadi, Fiji",earthquake,,,,3,reviewed,us,us
2005-03-31T09:06:08.100Z,-18.769,175.777,116.3,4.7,mb,23,117.4,,0.95,us,usp000dksh,2014-11-07T01:25:22.833Z,"203 km WSW of Nadi, Fiji",earthquake,,20.6,,6,reviewed,us,us
2005-03-31T03:30:24.270Z,-18.882,175.855,172.1,4.5,mb,28,117.5,,1.3,us,usp000dkrf,2014-11-07T01:25:22.680Z,"203 km SW of Nadi, Fiji",earthquake,,27.9,,11,reviewed,us,us
2005-03-31T01:46:17.760Z,-18.448,175.99,10,6,mwc,229,40.3,,1.01,us,usp000dkr3,2022-05-02T17:51:59.739Z,"166 km WSW of Nadi, Fiji",earthquake,,,,,reviewed,us,hrv
2005-03-31T01:39:06.070Z,-18.545,176.013,10,5.9,mwc,179,65.8,,1,us,usp000dkr2,2022-05-02T17:51:58.249Z,"169 km WSW of Nadi, Fiji",earthquake,,,,,reviewed,us,hrv
2004-12-18T19:18:45.550Z,-17.801,178.652,549.3,4.7,mb,110,54.5,,0.79,us,usp000dazc,2014-11-07T01:24:19.097Z,"43 km NNE of Suva, Fiji",earthquake,,,,49,reviewed,us,us
2004-12-16T17:55:19.480Z,-15.896,178.5,10,4.7,mb,12,192.5,,0.9,us,usp000daur,2014-11-07T01:24:18.246Z,"Fiji",earthquake,,,,3,reviewed,us,us
2004-09-03T09:25:02.040Z,-17.139,-179.21,536.9,5.4,mwc,189,37.3,,0.78,us,usp000d3eu,2016-11-09T23:23:34.751Z,"170 km ESE of Labasa, Fiji",earthquake,,,,,reviewed,us,hrv
2004-08-08T12:38:42.460Z,-16.584,175.131,10,4.6,mb,15,116.1,,1.42,us,usp000d1rq,2014-11-07T01:23:10.257Z,"272 km WNW of Lautoka, Fiji",earthquake,,,,5,reviewed,us,us
2004-06-30T09:01:17.510Z,-16.917,-179.118,482.6,4.5,mb,107,118.6,,0.88,us,usp000cz80,2014-11-07T01:22:44.201Z,"170 km ESE of Labasa, Fiji",earthquake,,18,,31,reviewed,us,us
2004-05-25T21:09:24.970Z,-17.584,179.61,600.1,4.5,mb,46,124.5,,0.85,us,usp000cw7a,2014-11-07T01:22:24.194Z,"61 km NNE of Levuka, Fiji",earthquake,,,,19,reviewed,us,us
2004-05-11T20:38:07.230Z,-15.913,-179.218,10,4.5,mb,32,122,,0.9,us,usp000cusj,2014-11-07T01:22:17.439Z,"162 km ENE of Labasa, Fiji",earthquake,,0,,10,reviewed,us,us
2004-05-09T09:57:00.280Z,-16.114,177.616,10,4.6,mb,16,121.1,,1.51,us,usp000cuhx,2014-11-07T01:22:16.216Z,"157 km N of Ba, Fiji",earthquake,,,,4,reviewed,us,us
2004-04-06T19:27:59.270Z,-16.102,178.16,30,4.8,mb,11,132.4,,1.02,us,usp000crvb,2014-11-07T01:21:55.400Z,"133 km WNW of Labasa, Fiji",earthquake,,,,1,reviewed,us,us
2004-01-14T09:30:16.670Z,-15.078,-179.739,10,4.5,mb,10,121.8,,0.48,us,usp000chvr,2014-11-07T01:21:04.072Z,"178 km NNE of Labasa, Fiji",earthquake,,0,,1,reviewed,us,us
2004-01-04T04:40:53.090Z,-16.43,176.171,10,4.5,mb,20,118.6,,1.04,us,usp000ch20,2014-11-07T01:20:58.899Z,"189 km NW of Lautoka, Fiji",earthquake,,,,2,reviewed,us,us
2003-11-13T00:38:13.960Z,-16.175,178.104,33,4.8,mb,18,132,,0.99,us,usp000ccra,2014-11-07T01:20:27.933Z,"137 km WNW of Labasa, Fiji",earthquake,,,,7,reviewed,us,us
2003-11-04T01:52:15.790Z,-16.371,177.712,33,5.1,mwc,24,119.4,,1.04,us,usp000cc0s,2022-05-02T16:52:57.505Z,"128 km N of Ba, Fiji",earthquake,,,,,reviewed,us,hrv
2003-10-20T09:12:14.930Z,-17.923,176.02,33,4.8,mb,11,118.1,,1.21,us,usp000cav7,2014-11-07T01:20:14.029Z,"148 km W of Nadi, Fiji",earthquake,,,,1,reviewed,us,us
2003-09-27T04:46:22.960Z,-16.842,176.444,111.4,4.6,mb,18,131.9,,1.23,us,usp000c8s7,2014-11-07T01:19:57.596Z,"137 km NW of Lautoka, Fiji",earthquake,,,,5,reviewed,us,us
2003-09-27T04:30:45.730Z,-16.37,176.349,33,5,mb,62,72.7,,0.91,us,usp000c8s4,2014-11-07T01:19:57.580Z,"181 km NW of Lautoka, Fiji",earthquake,,,,19,reviewed,us,us
2003-09-24T06:43:15.900Z,-16.692,176.575,33,4.6,mb,12,120.8,,0.63,us,usp000c8fu,2014-11-07T01:19:55.643Z,"138 km NW of Lautoka, Fiji",earthquake,,,,2,reviewed,us,us
2003-09-23T09:42:30.690Z,-16.614,176.569,33,4.9,mb,18,119.6,,1.01,us,usp000c8d1,2014-11-07T01:19:54.698Z,"145 km NW of Lautoka, Fiji",earthquake,,,,4,reviewed,us,us
2003-09-23T09:12:02.160Z,-16.767,176.559,33,4.8,mb,20,118.7,,0.95,us,usp000c8cw,2014-11-07T01:19:54.687Z,"133 km NW of Lautoka, Fiji",earthquake,,,,7,reviewed,us,us
2003-08-14T22:17:00.620Z,-16.413,176.265,33,4.5,mb,8,160.9,,1.25,us,usp000c4wt,2014-11-07T01:19:31.405Z,"183 km NW of Lautoka, Fiji",earthquake,,,,4,reviewed,us,us
2003-07-25T17:36:42.200Z,-16.631,177.191,33,5.3,mwc,124,81.6,,0.95,us,usp000c3b8,2022-05-02T16:39:28.684Z,"112 km NNW of Ba, Fiji",earthquake,,,,,reviewed,us,hrv
2003-07-09T10:50:15.170Z,-16.485,176.653,33,4.6,mb,38,118.7,,1.22,us,usp000c227,2014-11-07T01:19:10.007Z,"151 km NW of Lautoka, Fiji",earthquake,,,,12,reviewed,us,us
2003-06-02T16:03:14.780Z,-17.751,-179.055,600,4.6,mb,28,118.7,,0.91,us,usp000byvh,2014-11-07T01:18:49.209Z,"176 km ENE of Levuka, Fiji",earthquake,,,,2,reviewed,us,us
2003-05-13T15:31:19.610Z,-17.537,-179.009,600,4.7,mb,19,172.3,,0.8,us,usp000bx63,2014-11-07T01:18:36.653Z,"186 km ENE of Levuka, Fiji",earthquake,,,,11,reviewed,us,us
2003-04-11T07:16:08.080Z,-17.473,-179.061,533.5,4.9,mb,145,42.7,,0.93,us,usp000buxf,2014-11-07T01:18:19.676Z,"184 km ENE of Levuka, Fiji",earthquake,,,,50,reviewed,us,us
2003-04-06T07:18:26.930Z,-17.62,179.557,602.2,5.3,mwc,159,82.4,,0.75,us,usp000buhj,2016-11-09T22:14:33.418Z,"Fiji",earthquake,,,,,reviewed,us,hrv
2003-03-27T01:01:56.750Z,-16.138,178.076,33,4.6,mb,24,121.2,,1.08,us,usp000btk3,2014-11-07T01:18:08.835Z,"141 km WNW of Labasa, Fiji",earthquake,,,,10,reviewed,us,us
2003-03-21T19:42:27.170Z,-15.507,-179.847,33,5.8,mwc,100,78.1,,1.1,us,usp000bt6u,2022-05-02T16:28:19.568Z,"132 km NE of Labasa, Fiji",earthquake,,,,,reviewed,us,hrv
2003-03-01T08:40:37.510Z,-16.069,177.637,33,4.7,mb,14,178.8,,1.25,us,usp000brqh,2014-11-07T01:17:56.544Z,"162 km N of Ba, Fiji",earthquake,,,,5,reviewed,us,us
2003-02-25T04:18:32.520Z,-15.945,177.705,33,4.5,mb,10,,,1.36,us,usp000bree,2014-11-07T01:17:52.044Z,"175 km N of Ba, Fiji",earthquake,,,,2,reviewed,us,us
2003-02-20T12:25:45.760Z,-15.376,-179.512,33,4.6,mb,24,,,0.67,us,usp000br33,2014-11-07T01:17:50.050Z,"167 km NE of Labasa, Fiji",earthquake,,,,11,reviewed,us,us
2003-02-06T12:36:11.780Z,-16.62,177.546,33,5.3,mwc,64,,,0.99,us,usp000bq3d,2022-05-02T16:24:58.318Z,"102 km N of Ba, Fiji",earthquake,,,,,reviewed,us,hrv
2003-02-06T12:31:59.800Z,-16.698,177.559,33,5.2,mwc,61,,,0.92,us,usp000bq3c,2022-05-02T16:24:53.139Z,"93 km N of Ba, Fiji",earthquake,,,,,reviewed,us,hrv
2003-02-06T12:06:12.590Z,-16.816,177.573,33,5.2,mwc,46,,,1.02,us,usp000bq3a,2022-05-02T16:24:47.839Z,"80 km N of Ba, Fiji",earthquake,,,,,reviewed,us,hrv
2003-01-18T19:22:43.820Z,-16.647,177.639,33,4.6,mb,9,,,0.68,us,usp000bnsh,2014-11-07T01:17:36.332Z,"98 km N of Ba, Fiji",earthquake,,,,1,reviewed,us,us
2003-01-16T00:15:54.720Z,-16.596,177.499,33,4.7,mb,19,,,1.16,us,usp000bnkt,2014-11-07T01:17:35.509Z,"105 km N of Ba, Fiji",earthquake,,,,4,reviewed,us,us
2003-01-15T13:00:21.930Z,-16.594,177.505,33,4.5,mb,16,,,0.83,us,usp000bnk7,2014-11-07T01:17:35.458Z,"105 km N of Ba, Fiji",earthquake,,,,5,reviewed,us,us
2003-01-08T17:01:20.660Z,-16.322,177.38,33,4.5,mb,8,,,0.7,us,usp000bn8u,2014-11-07T01:17:33.752Z,"137 km NNW of Ba, Fiji",earthquake,,,,3,reviewed,us,us
2002-12-18T03:15:47.800Z,-16.081,178,33,4.5,mb,18,,,0.96,us,usp000bkww,2014-11-07T01:17:22.425Z,"150 km WNW of Labasa, Fiji",earthquake,,,,5,reviewed,us,us
2002-11-30T20:45:43.850Z,-17.716,-179.024,600,4.6,mb,53,,,1.04,us,usp000bjt1,2014-11-07T01:17:12.995Z,"180 km ENE of Levuka, Fiji",earthquake,,,,18,reviewed,us,us
2002-10-28T13:15:05.690Z,-15.904,179.379,33,5.5,mwc,55,,,1.05,us,usp000bfhd,2022-05-02T16:13:40.660Z,"58 km N of Labasa, Fiji",earthquake,,,,,reviewed,us,hrv
2002-09-12T13:46:42.330Z,-17.327,-179.106,600,4.6,mb,16,,,0.97,us,usp000bc2z,2014-11-07T01:16:30.198Z,"186 km ENE of Levuka, Fiji",earthquake,,,,10,reviewed,us,us
2002-09-11T13:26:18.680Z,-17.563,-179.05,600,4.5,mb,15,,,0.49,us,usp000bbzp,2014-11-07T01:16:29.877Z,"181 km ENE of Levuka, Fiji",earthquake,,,,7,reviewed,us,us
2002-09-09T12:27:24.830Z,-16.179,178.186,33,4.7,mb,39,,,0.54,us,usp000bbtk,2014-11-07T01:16:29.363Z,"129 km WNW of Labasa, Fiji",earthquake,,,,16,reviewed,us,us
2002-08-17T09:12:27.090Z,-17.515,178.462,600,4.5,mb,10,,,0.43,us,usp000ba29,2014-11-07T01:16:17.224Z,"69 km N of Suva, Fiji",earthquake,,,,2,reviewed,us,us
2002-07-19T23:54:59.700Z,-16.236,178.161,33,4.7,mb,16,,,0.73,us,usp000b8e5,2014-11-07T01:16:05.174Z,"130 km W of Labasa, Fiji",earthquake,,,,3,reviewed,us,us
2002-07-06T13:16:53.530Z,-17.004,175.542,33,4.7,mb,18,,,0.94,us,usp000b7kx,2014-11-07T01:16:01.434Z,"213 km WNW of Lautoka, Fiji",earthquake,,,,3,reviewed,us,us
2002-06-17T14:08:53.370Z,-17.789,-179.608,600,4.5,mb,59,,,0.81,us,usp000b6bm,2014-11-07T01:15:50.900Z,"118 km ENE of Levuka, Fiji",earthquake,,,,22,reviewed,us,us
2002-06-09T01:21:23.000Z,-15.242,-179.11,400,4.5,mb,17,,,0.88,us,usp000b5ts,2014-11-07T01:15:47.966Z,"146 km SW of Leava, Wallis and Futuna",earthquake,,,,8,reviewed,us,us
2002-04-24T18:44:38.830Z,-17.381,-179.146,600,4.6,mb,16,,,0.94,us,usp000b333,2014-11-07T01:15:28.163Z,"179 km ENE of Levuka, Fiji",earthquake,,,,1,reviewed,us,us
2002-03-22T12:21:10.790Z,-18.607,178.488,557.3,5.3,mwc,207,,,0.93,us,usp000b0ux,2016-11-09T22:07:56.266Z,"51 km S of Suva, Fiji",earthquake,,,,,reviewed,us,hrv
2002-03-17T23:39:19.640Z,-17.958,-179.485,618.2,4.8,mb,194,,,0.9,us,usp000b0hu,2014-11-07T01:15:11.594Z,"127 km E of Levuka, Fiji",earthquake,,,,32,reviewed,us,us
2002-03-14T22:54:45.610Z,-17.771,-179.332,639.5,4.6,mb,28,,,0.91,us,usp000b0au,2014-11-07T01:15:09.011Z,"146 km ENE of Levuka, Fiji",earthquake,,26.7,,12,reviewed,us,us
2002-01-26T10:31:19.330Z,-17.418,-179.011,550,4.8,mb,16,,,1,us,usp000ax6h,2014-11-07T01:14:45.368Z,"191 km ENE of Levuka, Fiji",earthquake,,,,9,reviewed,us,us
2002-01-12T17:58:19.690Z,-15.749,179.189,33,4.8,mb,26,,,0.83,us,usp000awas,2014-11-07T01:14:41.232Z,"78 km NNW of Labasa, Fiji",earthquake,,,,12,reviewed,us,us
2002-01-05T18:22:41.080Z,-17.841,178.887,638.5,5.5,mwc,111,,,1,us,usp000avwc,2022-05-02T15:40:43.408Z,"51 km WNW of Levuka, Fiji",earthquake,,,,,reviewed,us,hrv
2002-01-02T15:22:16.760Z,-17.897,178.775,600,4.8,mb,83,,,0.98,us,usp000avpr,2014-11-07T01:14:36.650Z,"44 km NE of Suva, Fiji",earthquake,,,,26,reviewed,us,us
2002-01-02T14:50:33.490Z,-17.983,178.744,665.8,6.2,mwc,215,,,1.08,us,usp000avpp,2022-05-02T15:40:37.058Z,"36 km ENE of Suva, Fiji",earthquake,,,,,reviewed,us,hrv
2002-01-02T10:24:07.630Z,-16.332,177.921,33,5.5,mwc,110,,,0.74,us,usp000avpd,2022-05-02T15:40:15.844Z,"135 km N of Ba, Fiji",earthquake,,,,,reviewed,us,hrv
2001-12-24T05:21:58.230Z,-16.389,177.877,33,4.5,mb,25,,,1.07,us,usp000av5s,2014-11-07T01:14:31.322Z,"128 km N of Ba, Fiji",earthquake,,,,4,reviewed,us,us
2001-11-22T23:54:14.510Z,-16.337,178.2,10,4.8,mb,14,,,1.29,us,usp000atb0,2014-11-07T01:14:17.611Z,"124 km W of Labasa, Fiji",earthquake,,,,3,reviewed,us,us
2001-11-22T23:24:47.740Z,-16.242,178.054,10,6.2,mwb,163,,,1.12,us,usp000ataz,2022-04-29T19:42:00.471Z,"141 km W of Labasa, Fiji",earthquake,,,,,reviewed,us,us
2001-11-22T23:22:20.440Z,-16.255,178.019,10,6.3,mwc,209,,,1.33,us,usp000atay,2022-04-29T19:41:59.008Z,"145 km W of Labasa, Fiji",earthquake,,,,,reviewed,us,hrv
2001-11-22T15:28:13.880Z,-17.689,-179.126,600,4.7,mb,63,,,0.9,us,usp000atak,2014-11-07T01:14:17.533Z,"170 km ENE of Levuka, Fiji",earthquake,,,,27,reviewed,us,us
2001-11-05T23:07:11.720Z,-17.289,-179.251,564.1,6.3,mwc,454,,,0.88,us,usp000asac,2022-04-29T19:39:41.263Z,"174 km ENE of Levuka, Fiji",earthquake,,,,,reviewed,us,hrv
2001-11-01T15:02:04.750Z,-16.665,176.682,33,4.6,mb,25,,,1.2,us,usp000as1m,2014-11-07T01:14:08.317Z,"133 km NW of Lautoka, Fiji",earthquake,,,,12,reviewed,us,us
2001-11-01T14:54:40.170Z,-16.863,177.085,33,5.3,mwc,60,,,1.14,us,usp000as1k,2022-04-29T17:50:53.693Z,"92 km NNW of Lautoka, Fiji",earthquake,,,,,reviewed,us,hrv
2001-09-24T12:58:18.310Z,-17.367,-179.181,550,4.7,mb,11,,,0.33,us,usp000apqb,2014-11-07T01:13:50.388Z,"177 km ENE of Levuka, Fiji",earthquake,,,,4,reviewed,us,us
2001-09-07T23:23:14.410Z,-16.694,-179.51,500,4.5,mb,26,,,0.81,us,usp000antt,2014-11-07T01:13:45.493Z,"123 km ESE of Labasa, Fiji",earthquake,,,,8,reviewed,us,us
2001-09-05T19:00:36.740Z,-16.062,178.067,10,4.8,mb,64,,,0.86,us,usp000anq2,2014-11-07T01:13:44.994Z,"144 km WNW of Labasa, Fiji",earthquake,,,,37,reviewed,us,us
2001-09-05T04:53:43.370Z,-16.244,177.998,10,5.9,mwc,103,,,0.89,us,usp000anp0,2022-04-29T19:33:04.452Z,"146 km NNE of Ba, Fiji",earthquake,,,,,reviewed,us,hrv
2001-09-04T13:01:47.860Z,-16.277,178.225,10,5.2,mwc,71,,,1.01,us,usp000anmt,2022-04-29T19:32:50.034Z,"122 km W of Labasa, Fiji",earthquake,,,,,reviewed,us,hrv
2001-09-03T23:45:01.710Z,-16.219,178.061,33,4.5,mb,26,,,1.21,us,usp000ankj,2014-11-07T01:13:44.303Z,"141 km W of Labasa, Fiji",earthquake,,,,14,reviewed,us,us
2001-09-03T21:10:45.700Z,-16.284,178.158,10,5.8,mwc,221,,,1.01,us,usp000ankb,2022-04-29T19:30:52.021Z,"129 km W of Labasa, Fiji",earthquake,,,,,reviewed,us,hrv
2001-08-13T04:30:11.440Z,-15.673,178.178,33,4.5,mb,20,,,1.36,us,usp000amcj,2014-11-07T01:13:32.216Z,"152 km WNW of Labasa, Fiji",earthquake,,,,6,reviewed,us,us
2001-07-05T18:47:13.890Z,-17.282,-179.134,600,4.5,mb,15,,,0.72,us,usp000aj1p,2014-11-07T01:13:15.182Z,"185 km ESE of Labasa, Fiji",earthquake,,,,7,reviewed,us,us
2001-06-14T15:09:43.500Z,-17.776,-179.504,600,4.7,mb,41,,,1.37,us,usp000agmv,2014-11-07T01:13:03.831Z,"129 km ENE of Levuka, Fiji",earthquake,,,,14,reviewed,us,us
2001-05-11T04:11:53.120Z,-16.333,178.292,31.5,4.9,mb,53,,,1.1,us,usp000aern,2014-11-07T01:12:47.063Z,"115 km W of Labasa, Fiji",earthquake,,,,23,reviewed,us,us
2001-05-10T14:45:30.590Z,-16.171,178.304,33,5,mb,90,,,1.11,us,usp000aequ,2014-11-07T01:12:46.987Z,"116 km WNW of Labasa, Fiji",earthquake,,,,39,reviewed,us,us
2001-05-10T14:38:19.350Z,-16.065,178.203,18.8,5,mb,93,,,1.02,us,usp000aeqt,2014-11-07T01:12:46.977Z,"130 km WNW of Labasa, Fiji",earthquake,,,,34,reviewed,us,us
2001-03-07T12:20:08.480Z,-16.168,178.271,33,5.1,mwc,61,,,0.74,us,usp000ab2a,2022-04-29T19:30:59.045Z,"120 km WNW of Labasa, Fiji",earthquake,,,,,reviewed,us,hrv
2001-02-15T19:17:57.120Z,-19.084,176.886,10,4.8,mb,18,,,1.25,us,usp000a9pz,2014-11-07T01:12:09.212Z,"152 km SSW of Nadi, Fiji",earthquake,,,,4,reviewed,us,us
2001-01-13T14:42:10.370Z,-18.608,176.194,33,4.5,mb,17,,,1.09,us,usp000a7kx,2014-11-07T01:11:55.468Z,"157 km SW of Nadi, Fiji",earthquake,,,,4,reviewed,us,us
2001-01-10T11:51:55.760Z,-18.466,176.259,33,4.9,mb,32,,,1.11,us,usp000a7ep,2014-11-07T01:11:54.197Z,"142 km WSW of Nadi, Fiji",earthquake,,,,7,reviewed,us,us
2001-01-09T08:00:32.710Z,-18.506,176.071,33,4.7,mb,44,,,0.9,us,usp000a7c4,2014-11-07T01:11:53.427Z,"162 km WSW of Nadi, Fiji",earthquake,,,,18,reviewed,us,us
2001-01-09T07:52:03.640Z,-18.491,176.054,33,5.6,mwc,109,,,0.86,us,usp000a7c3,2022-04-29T19:04:04.007Z,"163 km WSW of Nadi, Fiji",earthquake,,,,,reviewed,us,hrv
2001-01-09T07:33:15.670Z,-18.446,175.982,33,4.9,mb,51,,,1.23,us,usp000a7c2,2014-11-07T01:11:53.400Z,"167 km WSW of Nadi, Fiji",earthquake,,,,22,reviewed,us,us
2001-01-09T07:20:54.300Z,-18.405,175.99,33,4.6,mb,34,,,1.04,us,usp000a7c1,2014-11-07T01:11:53.395Z,"164 km WSW of Nadi, Fiji",earthquake,,,,15,reviewed,us,us
2000-12-21T16:13:11.290Z,-17.485,-179.078,532.9,4.7,mb,52,,,0.95,us,usp000a6gw,2014-11-07T01:11:45.614Z,"181 km ENE of Levuka, Fiji",earthquake,,21.8,,15,reviewed,us,us
2000-12-06T16:04:42.670Z,-17.093,178.874,33,4.7,mb,30,,,1.07,us,usp000a5m4,2014-11-07T01:11:41.122Z,"89 km SW of Labasa, Fiji",earthquake,,,,15,reviewed,us,us
2000-10-05T14:18:01.310Z,-16.192,178.011,33,4.9,mb,23,,,1,us,usp000a1ab,2014-11-07T01:11:14.062Z,"147 km W of Labasa, Fiji",earthquake,,,,9,reviewed,us,us
2000-10-05T14:08:25.380Z,-16.159,178.079,33,4.7,mb,16,,,1.17,us,usp000a1a9,2014-11-07T01:11:14.056Z,"140 km WNW of Labasa, Fiji",earthquake,,,,4,reviewed,us,us
2000-09-30T23:59:07.720Z,-16.713,176.419,33,4.7,mb,19,,,1.13,us,usp000a12n,2014-11-07T01:11:08.477Z,"148 km NW of Lautoka, Fiji",earthquake,,,,8,reviewed,us,us
2000-09-14T14:59:57.670Z,-15.742,179.801,33,6.2,mwc,263,,,0.93,us,usp000a08h,2022-04-29T18:53:10.347Z,"89 km NNE of Labasa, Fiji",earthquake,,,,,reviewed,us,hrv
2000-08-27T04:22:27.060Z,-17.517,-179.064,548.9,5.5,mwc,237,,,0.85,us,usp0009z7w,2016-11-09T23:20:40.142Z,"182 km ENE of Levuka, Fiji",earthquake,,,,,reviewed,us,hrv
2000-08-05T15:18:14.210Z,-18.572,176.255,33,4.7,mb,27,,,1,us,usp0009xyw,2014-11-07T01:10:49.281Z,"149 km SW of Nadi, Fiji",earthquake,,,,7,reviewed,us,us
2000-07-21T17:15:44.090Z,-15.853,178.118,33,4.5,mb,36,,,1.02,us,usp0009wxm,2014-11-07T01:10:39.044Z,"147 km WNW of Labasa, Fiji",earthquake,,,,8,reviewed,us,us
2000-07-12T23:19:57.950Z,-16.5,176.294,33,4.6,mb,13,,,1.24,us,usp0009wcq,2014-11-07T01:10:35.818Z,"174 km NW of Lautoka, Fiji",earthquake,,,,1,reviewed,us,us
2000-06-14T23:01:14.550Z,-17.902,176.212,33,6,mwc,113,,,1.04,us,usp0009ukt,2022-04-29T18:41:21.060Z,"128 km W of Nadi, Fiji",earthquake,,,,,reviewed,us,hrv
2000-06-14T21:33:15.410Z,-17.597,176.046,33,4.8,mb,17,,,1.41,us,usp0009ukg,2014-11-07T01:10:22.539Z,"147 km W of Nadi, Fiji",earthquake,,,,3,reviewed,us,us
2000-05-15T19:34:23.220Z,-17.597,-179.105,600,4.6,mb,,,,0.58,us,usp0009t10,2014-11-07T01:10:08.568Z,"175 km ENE of Levuka, Fiji",earthquake,,,,5,reviewed,us,us
2000-05-01T07:25:13.830Z,-18.038,-179.775,674.9,4.6,mb,,,,0.88,us,usp0009s5j,2014-11-07T01:09:59.985Z,"96 km E of Levuka, Fiji",earthquake,,12.4,,45,reviewed,us,us
2000-03-01T04:46:29.540Z,-19.103,-179.361,671.9,5.6,mwc,,,,0.88,us,usp0009p4j,2022-04-29T18:34:18.343Z,"180 km SE of Levuka, Fiji",earthquake,,,,,reviewed,us,hrv
2000-03-01T04:21:01.390Z,-19.005,-179.361,675,5.8,mwc,,,,0.92,us,usp0009p4h,2022-04-29T18:34:16.968Z,"174 km SE of Levuka, Fiji",earthquake,,,,,reviewed,us,hrv
2000-02-28T22:15:27.150Z,-17.368,-179.035,541.4,4.8,mb,,,,0.81,us,usp0009p2w,2014-11-07T01:09:34.616Z,"191 km ENE of Levuka, Fiji",earthquake,,,,19,reviewed,us,us
2000-01-24T19:28:41.510Z,-17.847,-179.921,650,4.7,mb,,,,0.92,us,usp0009mmd,2014-11-07T01:09:21.840Z,"84 km ENE of Levuka, Fiji",earthquake,,,,8,reviewed,us,us
2000-01-18T18:16:35.790Z,-16.214,177.241,33,4.7,mb,,,,0.78,us,usp0009mb0,2014-11-07T01:09:20.462Z,"153 km NNW of Ba, Fiji",earthquake,,,,15,reviewed,us,us
2000-01-10T00:19:12.940Z,-16.962,-179.418,550.5,4.8,mb,,,,0.74,us,usp0009kz6,2014-11-07T01:09:18.854Z,"142 km ESE of Labasa, Fiji",earthquake,,,,30,reviewed,us,us
